CREATE DATABASE  IF NOT EXISTS `sqst` /*!40100 DEFAULT CHARACTER SET utf8 */;
USE `sqst`;
-- MySQL dump 10.13  Distrib 5.7.12, for Win64 (x86_64)
--
-- Host: 127.0.0.1    Database: sqst
-- ------------------------------------------------------
-- Server version	5.7.17-log

/*!40101 SET @OLD_CHARACTER_SET_CLIENT=@@CHARACTER_SET_CLIENT */;
/*!40101 SET @OLD_CHARACTER_SET_RESULTS=@@CHARACTER_SET_RESULTS */;
/*!40101 SET @OLD_COLLATION_CONNECTION=@@COLLATION_CONNECTION */;
/*!40101 SET NAMES utf8 */;
/*!40103 SET @OLD_TIME_ZONE=@@TIME_ZONE */;
/*!40103 SET TIME_ZONE='+00:00' */;
/*!40014 SET @OLD_UNIQUE_CHECKS=@@UNIQUE_CHECKS, UNIQUE_CHECKS=0 */;
/*!40014 SET @OLD_FOREIGN_KEY_CHECKS=@@FOREIGN_KEY_CHECKS, FOREIGN_KEY_CHECKS=0 */;
/*!40101 SET @OLD_SQL_MODE=@@SQL_MODE, SQL_MODE='NO_AUTO_VALUE_ON_ZERO' */;
/*!40111 SET @OLD_SQL_NOTES=@@SQL_NOTES, SQL_NOTES=0 */;

--
-- Table structure for table `auth_group`
--

DROP TABLE IF EXISTS `auth_group`;
/*!40101 SET @saved_cs_client     = @@character_set_client */;
/*!40101 SET character_set_client = utf8 */;
CREATE TABLE `auth_group` (
  `id` int(11) NOT NULL AUTO_INCREMENT,
  `name` varchar(80) NOT NULL,
  PRIMARY KEY (`id`),
  UNIQUE KEY `name` (`name`)
) ENGINE=InnoDB DEFAULT CHARSET=utf8;
/*!40101 SET character_set_client = @saved_cs_client */;

--
-- Dumping data for table `auth_group`
--

LOCK TABLES `auth_group` WRITE;
/*!40000 ALTER TABLE `auth_group` DISABLE KEYS */;
/*!40000 ALTER TABLE `auth_group` ENABLE KEYS */;
UNLOCK TABLES;

--
-- Table structure for table `auth_group_permissions`
--

DROP TABLE IF EXISTS `auth_group_permissions`;
/*!40101 SET @saved_cs_client     = @@character_set_client */;
/*!40101 SET character_set_client = utf8 */;
CREATE TABLE `auth_group_permissions` (
  `id` int(11) NOT NULL AUTO_INCREMENT,
  `group_id` int(11) NOT NULL,
  `permission_id` int(11) NOT NULL,
  PRIMARY KEY (`id`),
  UNIQUE KEY `auth_group_permissions_group_id_permission_id_0cd325b0_uniq` (`group_id`,`permission_id`),
  KEY `auth_group_permissio_permission_id_84c5c92e_fk_auth_perm` (`permission_id`),
  CONSTRAINT `auth_group_permissio_permission_id_84c5c92e_fk_auth_perm` FOREIGN KEY (`permission_id`) REFERENCES `auth_permission` (`id`),
  CONSTRAINT `auth_group_permissions_group_id_b120cbf9_fk_auth_group_id` FOREIGN KEY (`group_id`) REFERENCES `auth_group` (`id`)
) ENGINE=InnoDB DEFAULT CHARSET=utf8;
/*!40101 SET character_set_client = @saved_cs_client */;

--
-- Dumping data for table `auth_group_permissions`
--

LOCK TABLES `auth_group_permissions` WRITE;
/*!40000 ALTER TABLE `auth_group_permissions` DISABLE KEYS */;
/*!40000 ALTER TABLE `auth_group_permissions` ENABLE KEYS */;
UNLOCK TABLES;

--
-- Table structure for table `auth_permission`
--

DROP TABLE IF EXISTS `auth_permission`;
/*!40101 SET @saved_cs_client     = @@character_set_client */;
/*!40101 SET character_set_client = utf8 */;
CREATE TABLE `auth_permission` (
  `id` int(11) NOT NULL AUTO_INCREMENT,
  `name` varchar(255) NOT NULL,
  `content_type_id` int(11) NOT NULL,
  `codename` varchar(100) NOT NULL,
  PRIMARY KEY (`id`),
  UNIQUE KEY `auth_permission_content_type_id_codename_01ab375a_uniq` (`content_type_id`,`codename`),
  CONSTRAINT `auth_permission_content_type_id_2f476e4b_fk_django_co` FOREIGN KEY (`content_type_id`) REFERENCES `django_content_type` (`id`)
) ENGINE=InnoDB AUTO_INCREMENT=61 DEFAULT CHARSET=utf8;
/*!40101 SET character_set_client = @saved_cs_client */;

--
-- Dumping data for table `auth_permission`
--

LOCK TABLES `auth_permission` WRITE;
/*!40000 ALTER TABLE `auth_permission` DISABLE KEYS */;
INSERT INTO `auth_permission` VALUES (1,'Can add log entry',1,'add_logentry'),(2,'Can change log entry',1,'change_logentry'),(3,'Can delete log entry',1,'delete_logentry'),(4,'Can add permission',2,'add_permission'),(5,'Can change permission',2,'change_permission'),(6,'Can delete permission',2,'delete_permission'),(7,'Can add group',3,'add_group'),(8,'Can change group',3,'change_group'),(9,'Can delete group',3,'delete_group'),(10,'Can add user',4,'add_user'),(11,'Can change user',4,'change_user'),(12,'Can delete user',4,'delete_user'),(13,'Can add content type',5,'add_contenttype'),(14,'Can change content type',5,'change_contenttype'),(15,'Can delete content type',5,'delete_contenttype'),(16,'Can add session',6,'add_session'),(17,'Can change session',6,'change_session'),(18,'Can delete session',6,'delete_session'),(19,'Can add project',7,'add_project'),(20,'Can change project',7,'change_project'),(21,'Can delete project',7,'delete_project'),(22,'Can add entry',8,'add_entry'),(23,'Can change entry',8,'change_entry'),(24,'Can delete entry',8,'delete_entry'),(25,'Can add metric',9,'add_metric'),(26,'Can change metric',9,'change_metric'),(27,'Can delete metric',9,'delete_metric'),(28,'Can add issue status',10,'add_issuestatus'),(29,'Can change issue status',10,'change_issuestatus'),(30,'Can delete issue status',10,'delete_issuestatus'),(31,'Can add issue',11,'add_issue'),(32,'Can change issue',11,'change_issue'),(33,'Can delete issue',11,'delete_issue'),(34,'Can add project status',12,'add_projectstatus'),(35,'Can change project status',12,'change_projectstatus'),(36,'Can delete project status',12,'delete_projectstatus'),(37,'Can add member',13,'add_member'),(38,'Can change member',13,'change_member'),(39,'Can delete member',13,'delete_member'),(40,'Can add issue priority',14,'add_issuepriority'),(41,'Can change issue priority',14,'change_issuepriority'),(42,'Can delete issue priority',14,'delete_issuepriority'),(43,'Can add customer',15,'add_customer'),(44,'Can change customer',15,'change_customer'),(45,'Can delete customer',15,'delete_customer'),(46,'Can add project',16,'add_project'),(47,'Can change project',16,'change_project'),(48,'Can delete project',16,'delete_project'),(49,'Can add issue severity',17,'add_issueseverity'),(50,'Can change issue severity',17,'change_issueseverity'),(51,'Can delete issue severity',17,'delete_issueseverity'),(52,'Can add issue resolution',18,'add_issueresolution'),(53,'Can change issue resolution',18,'change_issueresolution'),(54,'Can delete issue resolution',18,'delete_issueresolution'),(55,'Can add issue process',19,'add_issueprocess'),(56,'Can change issue process',19,'change_issueprocess'),(57,'Can delete issue process',19,'delete_issueprocess'),(58,'Can add issue input',20,'add_issueinput'),(59,'Can change issue input',20,'change_issueinput'),(60,'Can delete issue input',20,'delete_issueinput');
/*!40000 ALTER TABLE `auth_permission` ENABLE KEYS */;
UNLOCK TABLES;

--
-- Table structure for table `auth_user`
--

DROP TABLE IF EXISTS `auth_user`;
/*!40101 SET @saved_cs_client     = @@character_set_client */;
/*!40101 SET character_set_client = utf8 */;
CREATE TABLE `auth_user` (
  `id` int(11) NOT NULL AUTO_INCREMENT,
  `password` varchar(128) NOT NULL,
  `last_login` datetime(6) DEFAULT NULL,
  `is_superuser` tinyint(1) NOT NULL,
  `username` varchar(150) NOT NULL,
  `first_name` varchar(30) NOT NULL,
  `last_name` varchar(30) NOT NULL,
  `email` varchar(254) NOT NULL,
  `is_staff` tinyint(1) NOT NULL,
  `is_active` tinyint(1) NOT NULL,
  `date_joined` datetime(6) NOT NULL,
  PRIMARY KEY (`id`),
  UNIQUE KEY `username` (`username`)
) ENGINE=InnoDB AUTO_INCREMENT=2 DEFAULT CHARSET=utf8;
/*!40101 SET character_set_client = @saved_cs_client */;

--
-- Dumping data for table `auth_user`
--

LOCK TABLES `auth_user` WRITE;
/*!40000 ALTER TABLE `auth_user` DISABLE KEYS */;
INSERT INTO `auth_user` VALUES (1,'pbkdf2_sha256$36000$QmKlPxqZx8ul$u8qdEaQBcXCnzskPPkFMBTov//c1WYmuycqNMlo829A=','2017-09-03 22:59:22.932789',1,'admin','','','czar.sevilla@gmail.com',1,1,'2017-08-18 05:08:53.005390');
/*!40000 ALTER TABLE `auth_user` ENABLE KEYS */;
UNLOCK TABLES;

--
-- Table structure for table `auth_user_groups`
--

DROP TABLE IF EXISTS `auth_user_groups`;
/*!40101 SET @saved_cs_client     = @@character_set_client */;
/*!40101 SET character_set_client = utf8 */;
CREATE TABLE `auth_user_groups` (
  `id` int(11) NOT NULL AUTO_INCREMENT,
  `user_id` int(11) NOT NULL,
  `group_id` int(11) NOT NULL,
  PRIMARY KEY (`id`),
  UNIQUE KEY `auth_user_groups_user_id_group_id_94350c0c_uniq` (`user_id`,`group_id`),
  KEY `auth_user_groups_group_id_97559544_fk_auth_group_id` (`group_id`),
  CONSTRAINT `auth_user_groups_group_id_97559544_fk_auth_group_id` FOREIGN KEY (`group_id`) REFERENCES `auth_group` (`id`),
  CONSTRAINT `auth_user_groups_user_id_6a12ed8b_fk_auth_user_id` FOREIGN KEY (`user_id`) REFERENCES `auth_user` (`id`)
) ENGINE=InnoDB DEFAULT CHARSET=utf8;
/*!40101 SET character_set_client = @saved_cs_client */;

--
-- Dumping data for table `auth_user_groups`
--

LOCK TABLES `auth_user_groups` WRITE;
/*!40000 ALTER TABLE `auth_user_groups` DISABLE KEYS */;
/*!40000 ALTER TABLE `auth_user_groups` ENABLE KEYS */;
UNLOCK TABLES;

--
-- Table structure for table `auth_user_user_permissions`
--

DROP TABLE IF EXISTS `auth_user_user_permissions`;
/*!40101 SET @saved_cs_client     = @@character_set_client */;
/*!40101 SET character_set_client = utf8 */;
CREATE TABLE `auth_user_user_permissions` (
  `id` int(11) NOT NULL AUTO_INCREMENT,
  `user_id` int(11) NOT NULL,
  `permission_id` int(11) NOT NULL,
  PRIMARY KEY (`id`),
  UNIQUE KEY `auth_user_user_permissions_user_id_permission_id_14a6b632_uniq` (`user_id`,`permission_id`),
  KEY `auth_user_user_permi_permission_id_1fbb5f2c_fk_auth_perm` (`permission_id`),
  CONSTRAINT `auth_user_user_permi_permission_id_1fbb5f2c_fk_auth_perm` FOREIGN KEY (`permission_id`) REFERENCES `auth_permission` (`id`),
  CONSTRAINT `auth_user_user_permissions_user_id_a95ead1b_fk_auth_user_id` FOREIGN KEY (`user_id`) REFERENCES `auth_user` (`id`)
) ENGINE=InnoDB DEFAULT CHARSET=utf8;
/*!40101 SET character_set_client = @saved_cs_client */;

--
-- Dumping data for table `auth_user_user_permissions`
--

LOCK TABLES `auth_user_user_permissions` WRITE;
/*!40000 ALTER TABLE `auth_user_user_permissions` DISABLE KEYS */;
/*!40000 ALTER TABLE `auth_user_user_permissions` ENABLE KEYS */;
UNLOCK TABLES;

--
-- Table structure for table `django_admin_log`
--

DROP TABLE IF EXISTS `django_admin_log`;
/*!40101 SET @saved_cs_client     = @@character_set_client */;
/*!40101 SET character_set_client = utf8 */;
CREATE TABLE `django_admin_log` (
  `id` int(11) NOT NULL AUTO_INCREMENT,
  `action_time` datetime(6) NOT NULL,
  `object_id` longtext,
  `object_repr` varchar(200) NOT NULL,
  `action_flag` smallint(5) unsigned NOT NULL,
  `change_message` longtext NOT NULL,
  `content_type_id` int(11) DEFAULT NULL,
  `user_id` int(11) NOT NULL,
  PRIMARY KEY (`id`),
  KEY `django_admin_log_content_type_id_c4bce8eb_fk_django_co` (`content_type_id`),
  KEY `django_admin_log_user_id_c564eba6_fk_auth_user_id` (`user_id`),
  CONSTRAINT `django_admin_log_content_type_id_c4bce8eb_fk_django_co` FOREIGN KEY (`content_type_id`) REFERENCES `django_content_type` (`id`),
  CONSTRAINT `django_admin_log_user_id_c564eba6_fk_auth_user_id` FOREIGN KEY (`user_id`) REFERENCES `auth_user` (`id`)
) ENGINE=InnoDB AUTO_INCREMENT=259 DEFAULT CHARSET=utf8;
/*!40101 SET character_set_client = @saved_cs_client */;

--
-- Dumping data for table `django_admin_log`
--

LOCK TABLES `django_admin_log` WRITE;
/*!40000 ALTER TABLE `django_admin_log` DISABLE KEYS */;
INSERT INTO `django_admin_log` VALUES (1,'2017-08-18 05:18:58.463706','1','Project object',1,'[{\"added\": {}}]',7,1),(2,'2017-08-18 05:19:17.194670','1','Metric object',1,'[{\"added\": {}}]',9,1),(3,'2017-08-18 05:19:32.405216','2','Metric object',1,'[{\"added\": {}}]',9,1),(4,'2017-08-18 05:21:46.063143','4','Vulnerabilities',1,'[{\"added\": {}}]',9,1),(5,'2017-08-18 05:22:10.341461','5','Code Smells',1,'[{\"added\": {}}]',9,1),(6,'2017-08-18 05:22:38.936398','6','Duplicated Block',1,'[{\"added\": {}}]',9,1),(7,'2017-08-18 05:23:35.990647','7','Complexity',1,'[{\"added\": {}}]',9,1),(8,'2017-08-18 05:26:47.319956','1','Entry object',1,'[{\"added\": {}}]',8,1),(9,'2017-08-18 05:30:07.948507','2','Remarketing / Code Smells / 2017-08-04 12:12:00+00:00 / 6854',1,'[{\"added\": {}}]',8,1),(10,'2017-08-18 05:30:36.991268','3','Remarketing / Complexity / 2017-08-04 12:12:00+00:00 / 16712',1,'[{\"added\": {}}]',8,1),(11,'2017-08-18 05:31:06.305623','4','Remarketing / Duplicated Block / 2017-08-04 12:12:00+00:00 / 859',1,'[{\"added\": {}}]',8,1),(12,'2017-08-18 05:31:35.502149','5','Remarketing / Size / 2017-08-04 12:12:00+00:00 / 107851',1,'[{\"added\": {}}]',8,1),(13,'2017-08-18 05:32:02.867917','6','Remarketing / Vulnerabilities / 2017-08-04 12:12:00+00:00 / 754',1,'[{\"added\": {}}]',8,1),(14,'2017-08-18 05:34:01.823873','2','Subastador',1,'[{\"added\": {}}]',7,1),(15,'2017-08-18 05:34:51.907213','7','Subastador / Bugs / 2017-08-04 12:24:00+00:00 / 112',1,'[{\"added\": {}}]',8,1),(16,'2017-08-18 05:35:18.231821','8','Subastador / Code Smells / 2017-08-04 12:24:00+00:00 / 1994',1,'[{\"added\": {}}]',8,1),(17,'2017-08-18 05:35:45.558487','9','Subastador / Complexity / 2017-08-04 12:24:00+00:00 / 6043',1,'[{\"added\": {}}]',8,1),(18,'2017-08-18 05:36:16.094851','10','Subastador / Duplicated Block / 2017-08-04 12:24:00+00:00 / 161',1,'[{\"added\": {}}]',8,1),(19,'2017-08-18 05:36:55.292648','11','Subastador / Size / 2017-08-04 12:24:00+00:00 / 29735',1,'[{\"added\": {}}]',8,1),(20,'2017-08-18 05:37:27.166436','12','Subastador / Vulnerabilities / 2017-08-04 12:24:00+00:00 / 143',1,'[{\"added\": {}}]',8,1),(21,'2017-08-18 05:39:47.515533','3','mbims',1,'[{\"added\": {}}]',7,1),(22,'2017-08-18 05:40:32.398874','13','mbims / Bugs / 2017-08-04 12:43:00+00:00 / 197',1,'[{\"added\": {}}]',8,1),(23,'2017-08-18 05:41:06.387147','14','mbims / Code Smells / 2017-08-04 12:43:00+00:00 / 1076',1,'[{\"added\": {}}]',8,1),(24,'2017-08-18 05:41:35.414900','15','mbims / Complexity / 2017-08-04 12:43:00+00:00 / 6407',1,'[{\"added\": {}}]',8,1),(25,'2017-08-18 05:42:01.025475','16','mbims / Duplicated Block / 2017-08-04 12:43:00+00:00 / 133',1,'[{\"added\": {}}]',8,1),(26,'2017-08-18 05:42:28.775697','17','mbims / Size / 2017-08-04 12:43:00+00:00 / 29530',1,'[{\"added\": {}}]',8,1),(27,'2017-08-18 05:43:16.324290','18','mbims / Vulnerabilities / 2017-08-04 12:43:00+00:00 / 41',1,'[{\"added\": {}}]',8,1),(28,'2017-08-18 05:44:59.408245','4','DFSIP',1,'[{\"added\": {}}]',7,1),(29,'2017-08-18 05:45:32.369652','19','DFSIP / Bugs / 2017-08-04 12:27:00+00:00 / 181',1,'[{\"added\": {}}]',8,1),(30,'2017-08-18 05:45:54.360429','20','DFSIP / Code Smells / 2017-08-04 12:27:00+00:00 / 3955',1,'[{\"added\": {}}]',8,1),(31,'2017-08-18 05:46:18.590534','21','DFSIP / Complexity / 2017-08-04 12:27:00+00:00 / 13851',1,'[{\"added\": {}}]',8,1),(32,'2017-08-18 05:46:51.775479','22','DFSIP / Duplicated Block / 2017-08-04 12:27:00+00:00 / 549',1,'[{\"added\": {}}]',8,1),(33,'2017-08-18 05:47:17.976146','23','DFSIP / Size / 2017-08-04 12:27:00+00:00 / 72287',1,'[{\"added\": {}}]',8,1),(34,'2017-08-18 05:47:44.408942','24','DFSIP / Vulnerabilities / 2017-08-04 12:27:00+00:00 / 329',1,'[{\"added\": {}}]',8,1),(35,'2017-08-18 05:48:47.235553','5','sitioDistribuidores',1,'[{\"added\": {}}]',7,1),(36,'2017-08-18 05:50:07.212444','25','sitioDistribuidores / Bugs / 2017-08-04 12:45:00+00:00 / 856',1,'[{\"added\": {}}]',8,1),(37,'2017-08-18 05:50:30.743098','26','sitioDistribuidores / Code Smells / 2017-08-04 12:45:00+00:00 / 16224',1,'[{\"added\": {}}]',8,1),(38,'2017-08-18 05:51:01.683733','27','sitioDistribuidores / Complexity / 2017-08-04 12:45:00+00:00 / 51836',1,'[{\"added\": {}}]',8,1),(39,'2017-08-18 05:51:23.475169','28','sitioDistribuidores / Duplicated Block / 2017-08-04 12:45:00+00:00 / 4439',1,'[{\"added\": {}}]',8,1),(40,'2017-08-18 05:52:21.864294','29','sitioDistribuidores / Size / 2017-08-04 12:45:00+00:00 / 291813',1,'[{\"added\": {}}]',8,1),(41,'2017-08-18 05:52:46.703720','30','sitioDistribuidores / Vulnerabilities / 2017-08-04 12:45:00+00:00 / 1037',1,'[{\"added\": {}}]',8,1),(42,'2017-08-18 05:54:43.960474','6','Timer',1,'[{\"added\": {}}]',7,1),(43,'2017-08-18 05:55:46.623583','31','Timer / Bugs / 2017-08-04 13:00:00+00:00 / 181',1,'[{\"added\": {}}]',8,1),(44,'2017-08-18 05:56:13.406262','32','Timer / Code Smells / 2017-08-04 13:00:00+00:00 / 4852',1,'[{\"added\": {}}]',8,1),(45,'2017-08-18 05:57:02.844772','33','Timer / Complexity / 2017-08-04 13:00:00+00:00 / 16126',1,'[{\"added\": {}}]',8,1),(46,'2017-08-18 05:57:26.679682','34','Timer / Duplicated Block / 2017-08-04 13:00:00+00:00 / 787',1,'[{\"added\": {}}]',8,1),(47,'2017-08-18 05:57:55.040673','35','Timer / Size / 2017-08-04 13:00:00+00:00 / 83689',1,'[{\"added\": {}}]',8,1),(48,'2017-08-18 05:58:22.361595','36','Timer / Vulnerabilities / 2017-08-04 13:00:00+00:00 / 510',1,'[{\"added\": {}}]',8,1),(49,'2017-08-18 05:59:34.903959','7','GoLegal',1,'[{\"added\": {}}]',7,1),(50,'2017-08-18 06:00:38.920951','37','GoLegal / Bugs / 2017-08-04 12:51:00+00:00 / 107',1,'[{\"added\": {}}]',8,1),(51,'2017-08-18 06:01:05.444628','38','GoLegal / Code Smells / 2017-08-04 12:51:00+00:00 / 2017',1,'[{\"added\": {}}]',8,1),(52,'2017-08-18 06:01:37.005969','39','GoLegal / Complexity / 2017-08-04 12:51:00+00:00 / 8421',1,'[{\"added\": {}}]',8,1),(53,'2017-08-18 06:02:10.460331','40','GoLegal / Duplicated Block / 2017-08-04 12:51:00+00:00 / 248',1,'[{\"added\": {}}]',8,1),(54,'2017-08-18 06:02:38.240166','41','GoLegal / Size / 2017-08-04 12:51:00+00:00 / 35991',1,'[{\"added\": {}}]',8,1),(55,'2017-08-18 06:03:12.517024','42','GoLegal / Vulnerabilities / 2017-08-04 12:51:00+00:00 / 56',1,'[{\"added\": {}}]',8,1),(56,'2017-08-18 06:04:04.967108','8','SAUPP',1,'[{\"added\": {}}]',7,1),(57,'2017-08-18 06:04:47.748785','43','SAUPP / Bugs / 2017-08-04 12:43:00+00:00 / 97',1,'[{\"added\": {}}]',8,1),(58,'2017-08-18 06:05:53.039645','44','SAUPP / Code Smells / 2017-08-04 12:43:00+00:00 / 2525',1,'[{\"added\": {}}]',8,1),(59,'2017-08-18 06:06:22.652448','45','SAUPP / Complexity / 2017-08-04 12:43:00+00:00 / 6875',1,'[{\"added\": {}}]',8,1),(60,'2017-08-18 06:06:47.296018','46','SAUPP / Duplicated Block / 2017-08-04 12:43:00+00:00 / 239',1,'[{\"added\": {}}]',8,1),(61,'2017-08-18 06:07:06.923368','47','SAUPP / Size / 2017-08-04 12:43:00+00:00 / 30055',1,'[{\"added\": {}}]',8,1),(62,'2017-08-18 06:07:52.196745','48','SAUPP / Vulnerabilities / 2017-08-04 12:43:00+00:00 / 65',1,'[{\"added\": {}}]',8,1),(63,'2017-08-18 06:09:30.922716','9','sitioClientes_v2_movil',1,'[{\"added\": {}}]',7,1),(64,'2017-08-18 06:10:20.039090','49','sitioClientes_v2_movil / Bugs / 2017-08-04 17:22:00+00:00 / 342',1,'[{\"added\": {}}]',8,1),(65,'2017-08-18 06:10:43.385795','50','sitioClientes_v2_movil / Code Smells / 2017-08-04 17:22:00+00:00 / 7378',1,'[{\"added\": {}}]',8,1),(66,'2017-08-18 06:11:12.367811','51','sitioClientes_v2_movil / Complexity / 2017-08-04 17:22:00+00:00 / 18328',1,'[{\"added\": {}}]',8,1),(67,'2017-08-18 06:11:46.507211','52','sitioClientes_v2_movil / Duplicated Block / 2017-08-04 17:22:00+00:00 / 1437',1,'[{\"added\": {}}]',8,1),(68,'2017-08-18 06:12:13.579277','53','sitioClientes_v2_movil / Size / 2017-08-04 17:22:00+00:00 / 99931',1,'[{\"added\": {}}]',8,1),(69,'2017-08-18 06:12:42.953500','54','sitioClientes_v2_movil / Vulnerabilities / 2017-08-04 17:22:00+00:00 / 296',1,'[{\"added\": {}}]',8,1),(70,'2017-08-18 15:42:02.881521','10','EfilesAutos',1,'[{\"added\": {}}]',7,1),(71,'2017-08-18 15:42:59.264705','55','EfilesAutos / Bugs / 2017-08-04 13:33:00+00:00 / 379',1,'[{\"added\": {}}]',8,1),(72,'2017-08-18 15:56:26.656167','56','EfilesAutos / Code Smells / 2017-08-04 13:33:00+00:00 / 1983',1,'[{\"added\": {}}]',8,1),(73,'2017-08-18 15:57:05.882387','57','EfilesAutos / Complexity / 2017-08-04 13:33:00+00:00 / 8430',1,'[{\"added\": {}}]',8,1),(74,'2017-08-18 15:57:34.641777','58','EfilesAutos / Duplicated Block / 2017-08-04 13:33:00+00:00 / 204',1,'[{\"added\": {}}]',8,1),(75,'2017-08-18 15:58:07.776157','59','EfilesAutos / Size / 2017-08-04 13:33:00+00:00 / 28622',1,'[{\"added\": {}}]',8,1),(76,'2017-08-18 15:58:54.281793','60','EfilesAutos / Vulnerabilities / 2017-08-04 13:33:00+00:00 / 2',1,'[{\"added\": {}}]',8,1),(77,'2017-08-18 17:48:15.567509','11','IC',1,'[{\"added\": {}}]',7,1),(78,'2017-08-18 17:48:52.906933','61','IC / Bugs / 2017-08-08 14:25:00+00:00 / 71',1,'[{\"added\": {}}]',8,1),(79,'2017-08-18 17:49:28.975595','62','IC / Code Smells / 2017-08-08 14:25:00+00:00 / 3292',1,'[{\"added\": {}}]',8,1),(80,'2017-08-18 17:49:53.797202','63','IC / Complexity / 2017-08-08 14:25:00+00:00 / 1065',1,'[{\"added\": {}}]',8,1),(81,'2017-08-18 17:50:22.321718','64','IC / Duplicated Block / 2017-08-08 14:25:00+00:00 / 21',1,'[{\"added\": {}}]',8,1),(82,'2017-08-18 17:50:45.699135','65','IC / Size / 2017-08-08 14:25:00+00:00 / 7839',1,'[{\"added\": {}}]',8,1),(83,'2017-08-18 17:51:11.649611','66','IC / Vulnerabilities / 2017-08-08 14:25:00+00:00 / 3',1,'[{\"added\": {}}]',8,1),(84,'2017-08-18 17:56:49.412205','12','Cotizador',1,'[{\"added\": {}}]',7,1),(85,'2017-08-18 17:57:14.388674','13','Itv',1,'[{\"added\": {}}]',7,1),(86,'2017-08-18 17:57:36.741227','14','OnOffBoarding',1,'[{\"added\": {}}]',7,1),(87,'2017-08-18 17:57:50.424910','15','ProductManager',1,'[{\"added\": {}}]',7,1),(88,'2017-08-18 17:58:06.503830','16','SitioProveedores',1,'[{\"added\": {}}]',7,1),(89,'2017-08-18 18:00:35.667693','67','Cotizador / Bugs / 2017-08-11 09:25:00+00:00 / 693',1,'[{\"added\": {}}]',8,1),(90,'2017-08-18 18:01:00.605363','68','Cotizador / Code Smells / 2017-08-11 09:25:00+00:00 / 9426',1,'[{\"added\": {}}]',8,1),(91,'2017-08-18 18:01:23.411432','69','Cotizador / Complexity / 2017-08-11 09:25:00+00:00 / 20440',1,'[{\"added\": {}}]',8,1),(92,'2017-08-18 18:01:46.714387','70','Cotizador / Duplicated Block / 2017-08-11 09:25:00+00:00 / 4752',1,'[{\"added\": {}}]',8,1),(93,'2017-08-18 18:02:13.163340','71','Cotizador / Size / 2017-08-11 09:25:00+00:00 / 104636',1,'[{\"added\": {}}]',8,1),(94,'2017-08-18 18:02:38.459570','72','Cotizador / Vulnerabilities / 2017-08-11 09:25:00+00:00 / 141',1,'[{\"added\": {}}]',8,1),(95,'2017-08-18 18:06:38.696648','73','Itv / Bugs / 2017-08-11 10:07:00+00:00 / 132',1,'[{\"added\": {}}]',8,1),(96,'2017-08-18 18:07:07.290266','74','Itv / Code Smells / 2017-08-11 10:07:00+00:00 / 2421',1,'[{\"added\": {}}]',8,1),(97,'2017-08-18 18:07:37.162065','75','Itv / Complexity / 2017-08-11 10:07:00+00:00 / 6925',1,'[{\"added\": {}}]',8,1),(98,'2017-08-18 18:08:04.517581','76','Itv / Duplicated Block / 2017-08-11 10:07:00+00:00 / 226',1,'[{\"added\": {}}]',8,1),(99,'2017-08-18 18:08:28.212551','77','Itv / Size / 2017-08-11 10:07:00+00:00 / 47507',1,'[{\"added\": {}}]',8,1),(100,'2017-08-18 18:09:19.169362','78','Itv / Vulnerabilities / 2017-08-11 10:07:00+00:00 / 37',1,'[{\"added\": {}}]',8,1),(101,'2017-08-18 18:10:22.770473','79','OnOffBoarding / Bugs / 2017-08-11 09:38:00+00:00 / 110',1,'[{\"added\": {}}]',8,1),(102,'2017-08-18 18:10:46.111468','80','OnOffBoarding / Code Smells / 2017-08-11 09:38:00+00:00 / 5236',1,'[{\"added\": {}}]',8,1),(103,'2017-08-18 18:11:10.472649','81','OnOffBoarding / Complexity / 2017-08-11 09:38:00+00:00 / 10795',1,'[{\"added\": {}}]',8,1),(104,'2017-08-18 18:11:36.656109','82','OnOffBoarding / Duplicated Block / 2017-08-11 09:38:00+00:00 / 723',1,'[{\"added\": {}}]',8,1),(105,'2017-08-18 18:12:04.869339','83','OnOffBoarding / Size / 2017-08-11 09:38:00+00:00 / 71678',1,'[{\"added\": {}}]',8,1),(106,'2017-08-18 18:12:34.542934','84','OnOffBoarding / Vulnerabilities / 2017-08-11 09:38:00+00:00 / 157',1,'[{\"added\": {}}]',8,1),(107,'2017-08-18 18:13:48.849952','85','ProductManager / Bugs / 2017-08-11 09:52:00+00:00 / 335',1,'[{\"added\": {}}]',8,1),(108,'2017-08-18 18:14:08.538715','86','ProductManager / Code Smells / 2017-08-11 09:52:00+00:00 / 6500',1,'[{\"added\": {}}]',8,1),(109,'2017-08-18 18:14:38.915945','87','ProductManager / Complexity / 2017-08-11 09:52:00+00:00 / 16712',1,'[{\"added\": {}}]',8,1),(110,'2017-08-18 18:15:02.201930','88','ProductManager / Duplicated Block / 2017-08-11 09:52:00+00:00 / 1419',1,'[{\"added\": {}}]',8,1),(111,'2017-08-18 18:16:08.084597','89','ProductManager / Size / 2017-08-11 09:52:00+00:00 / 114455',1,'[{\"added\": {}}]',8,1),(112,'2017-08-18 18:16:29.031187','90','ProductManager / Vulnerabilities / 2017-08-11 09:52:00+00:00 / 184',1,'[{\"added\": {}}]',8,1),(113,'2017-08-18 18:18:01.349788','91','SitioProveedores / Bugs / 2017-08-11 10:01:00+00:00 / 402',1,'[{\"added\": {}}]',8,1),(114,'2017-08-18 18:18:44.355651','92','SitioProveedores / Code Smells / 2017-08-11 10:01:00+00:00 / 1389',1,'[{\"added\": {}}]',8,1),(115,'2017-08-18 18:19:32.001122','93','SitioProveedores / Complexity / 2017-08-11 10:01:00+00:00 / 7207',1,'[{\"added\": {}}]',8,1),(116,'2017-08-18 18:19:56.439655','94','SitioProveedores / Duplicated Block / 2017-08-11 10:01:00+00:00 / 117',1,'[{\"added\": {}}]',8,1),(117,'2017-08-18 18:20:21.743421','95','SitioProveedores / Size / 2017-08-11 10:01:00+00:00 / 22614',1,'[{\"added\": {}}]',8,1),(118,'2017-08-18 18:20:45.479107','96','SitioProveedores / Vulnerabilities / 2017-08-11 10:01:00+00:00 / 114',1,'[{\"added\": {}}]',8,1),(119,'2017-08-18 18:23:01.157859','97','sitioDistribuidores / Bugs / 2017-08-16 14:43:00+00:00 / 851',1,'[{\"added\": {}}]',8,1),(120,'2017-08-18 18:23:29.874799','98','sitioDistribuidores / Code Smells / 2017-08-16 14:43:00+00:00 / 15745',1,'[{\"added\": {}}]',8,1),(121,'2017-08-18 18:23:54.534606','99','sitioDistribuidores / Complexity / 2017-08-16 14:43:00+00:00 / 51784',1,'[{\"added\": {}}]',8,1),(122,'2017-08-18 18:24:24.507371','100','sitioDistribuidores / Duplicated Block / 2017-08-16 14:43:00+00:00 / 4640',1,'[{\"added\": {}}]',8,1),(123,'2017-08-18 18:24:51.350293','101','sitioDistribuidores / Size / 2017-08-16 14:43:00+00:00 / 292029',1,'[{\"added\": {}}]',8,1),(124,'2017-08-18 18:25:16.319474','102','sitioDistribuidores / Vulnerabilities / 2017-08-16 14:43:00+00:00 / 542',1,'[{\"added\": {}}]',8,1),(125,'2017-08-18 18:26:04.779633','101','sitioDistribuidores / Size / 2017-08-16 14:43:00+00:00 / 292020',2,'[{\"changed\": {\"fields\": [\"value\"]}}]',8,1),(126,'2017-08-18 18:28:44.468115','103','Subastador / Bugs / 2017-08-18 11:53:00+00:00 / 113',1,'[{\"added\": {}}]',8,1),(127,'2017-08-18 18:29:11.944723','104','Subastador / Code Smells / 2017-08-18 11:53:00+00:00 / 1796',1,'[{\"added\": {}}]',8,1),(128,'2017-08-18 18:29:34.900021','105','Subastador / Complexity / 2017-08-18 11:53:00+00:00 / 6302',1,'[{\"added\": {}}]',8,1),(129,'2017-08-18 18:30:13.689144','106','Subastador / Duplicated Block / 2017-08-18 11:53:00+00:00 / 102',1,'[{\"added\": {}}]',8,1),(130,'2017-08-18 18:30:50.044736','107','Subastador / Size / 2017-08-18 11:53:00+00:00 / 31931',1,'[{\"added\": {}}]',8,1),(131,'2017-08-18 18:31:10.820951','108','Subastador / Vulnerabilities / 2017-08-18 11:53:00+00:00 / 0',1,'[{\"added\": {}}]',8,1),(132,'2017-08-18 18:33:23.015937','109','Remarketing / Bugs / 2017-08-17 17:02:00+00:00 / 155',1,'[{\"added\": {}}]',8,1),(133,'2017-08-18 18:33:48.069320','110','Remarketing / Code Smells / 2017-08-17 17:02:00+00:00 / 6526',1,'[{\"added\": {}}]',8,1),(134,'2017-08-18 18:34:19.851840','111','Remarketing / Complexity / 2017-08-17 17:05:00+00:00 / 16714',1,'[{\"added\": {}}]',8,1),(135,'2017-08-18 18:34:51.279208','112','Remarketing / Duplicated Block / 2017-08-17 17:02:00+00:00 / 804',1,'[{\"added\": {}}]',8,1),(136,'2017-08-18 18:35:16.574569','113','Remarketing / Size / 2017-08-17 17:02:00+00:00 / 96985',1,'[{\"added\": {}}]',8,1),(137,'2017-08-18 18:35:48.725793','114','Remarketing / Vulnerabilities / 2017-08-17 17:02:00+00:00 / 532',1,'[{\"added\": {}}]',8,1),(138,'2017-08-18 18:38:37.486231','115','EfilesAutos / Bugs / 2017-08-18 11:13:00+00:00 / 375',1,'[{\"added\": {}}]',8,1),(139,'2017-08-18 18:39:07.309013','116','EfilesAutos / Code Smells / 2017-08-18 11:13:00+00:00 / 1980',1,'[{\"added\": {}}]',8,1),(140,'2017-08-18 18:39:55.256207','117','EfilesAutos / Complexity / 2017-08-18 11:13:00+00:00 / 8466',1,'[{\"added\": {}}]',8,1),(141,'2017-08-18 18:40:17.990191','118','EfilesAutos / Duplicated Block / 2017-08-18 11:13:00+00:00 / 202',1,'[{\"added\": {}}]',8,1),(142,'2017-08-18 18:48:20.502039','119','EfilesAutos / Size / 2017-08-18 11:13:00+00:00 / 28746',1,'[{\"added\": {}}]',8,1),(143,'2017-08-18 18:48:44.709397','120','EfilesAutos / Vulnerabilities / 2017-08-18 11:13:00+00:00 / 0',1,'[{\"added\": {}}]',8,1),(144,'2017-08-18 18:50:49.171349','9','sitioClientes',2,'[{\"changed\": {\"fields\": [\"name\"]}}]',7,1),(145,'2017-08-18 19:15:11.914100','121','sitioClientes / Bugs / 2017-08-18 10:48:00+00:00 / 901',1,'[{\"added\": {}}]',8,1),(146,'2017-08-18 19:15:34.158319','122','sitioClientes / Code Smells / 2017-08-18 10:48:00+00:00 / 7889',1,'[{\"added\": {}}]',8,1),(147,'2017-08-18 19:16:37.926630','123','sitioClientes / Complexity / 2017-08-18 10:48:00+00:00 / 25223',1,'[{\"added\": {}}]',8,1),(148,'2017-08-18 19:17:02.135096','124','sitioClientes / Duplicated Block / 2017-08-18 10:48:00+00:00 / 1438',1,'[{\"added\": {}}]',8,1),(149,'2017-08-18 19:17:52.052573','125','sitioClientes / Size / 2017-08-18 10:48:00+00:00 / 99904',1,'[{\"added\": {}}]',8,1),(150,'2017-08-18 19:18:22.834220','126','sitioClientes / Vulnerabilities / 2017-08-18 10:48:00+00:00 / 239',1,'[{\"added\": {}}]',8,1),(151,'2017-08-18 20:01:36.489656','127','Timer / Bugs / 2017-08-18 13:35:00+00:00 / 181',1,'[{\"added\": {}}]',8,1),(152,'2017-08-18 20:01:56.377684','128','Timer / Code Smells / 2017-08-18 13:35:00+00:00 / 4775',1,'[{\"added\": {}}]',8,1),(153,'2017-08-18 20:02:19.668588','129','Timer / Complexity / 2017-08-18 13:35:00+00:00 / 16086',1,'[{\"added\": {}}]',8,1),(154,'2017-08-18 20:02:36.899553','130','Timer / Duplicated Block / 2017-08-18 13:35:00+00:00 / 708',1,'[{\"added\": {}}]',8,1),(155,'2017-08-18 20:02:59.418729','131','Timer / Size / 2017-08-18 13:35:00+00:00 / 83262',1,'[{\"added\": {}}]',8,1),(156,'2017-08-18 20:03:29.374475','132','Timer / Vulnerabilities / 2017-08-18 13:35:00+00:00 / 353',1,'[{\"added\": {}}]',8,1),(157,'2017-08-18 20:09:23.999468','133','Cotizador / Bugs / 2017-08-18 14:50:00+00:00 / 687',1,'[{\"added\": {}}]',8,1),(158,'2017-08-18 20:09:45.211154','134','Cotizador / Code Smells / 2017-08-18 14:50:00+00:00 / 9361',1,'[{\"added\": {}}]',8,1),(159,'2017-08-18 20:10:40.736474','135','Cotizador / Complexity / 2017-08-18 14:50:00+00:00 / 0',1,'[{\"added\": {}}]',8,1),(160,'2017-08-18 20:11:35.734051','136','Cotizador / Duplicated Block / 2017-08-18 14:50:00+00:00 / 0',1,'[{\"added\": {}}]',8,1),(161,'2017-08-18 20:12:56.093848','137','Cotizador / Size / 2017-08-18 14:50:00+00:00 / 104629',1,'[{\"added\": {}}]',8,1),(162,'2017-08-18 20:13:17.769283','138','Cotizador / Vulnerabilities / 2017-08-18 14:50:00+00:00 / 95',1,'[{\"added\": {}}]',8,1),(163,'2017-08-18 21:10:16.258305','136','Cotizador / Duplicated Block / 2017-08-18 14:50:00+00:00 / 4760',2,'[{\"changed\": {\"fields\": [\"value\"]}}]',8,1),(164,'2017-08-18 21:12:14.003287','135','Cotizador / Complexity / 2017-08-18 14:50:00+00:00 / 20445',2,'[{\"changed\": {\"fields\": [\"value\"]}}]',8,1),(165,'2017-08-20 07:35:15.264393','111','Remarketing / Complexity / 2017-08-17 17:02:00+00:00 / 16714',2,'[{\"changed\": {\"fields\": [\"date\"]}}]',8,1),(166,'2017-08-20 07:44:04.090839','5','sitioDistribuidores',2,'[{\"changed\": {\"fields\": [\"priority\"]}}]',7,1),(167,'2017-08-20 07:44:21.871045','9','sitioClientes',2,'[{\"changed\": {\"fields\": [\"priority\"]}}]',7,1),(168,'2017-08-20 07:44:38.597323','12','Cotizador',2,'[{\"changed\": {\"fields\": [\"priority\"]}}]',7,1),(169,'2017-08-20 07:44:59.782429','2','Subastador',2,'[{\"changed\": {\"fields\": [\"priority\"]}}]',7,1),(170,'2017-08-20 07:45:18.930058','16','SitioProveedores',2,'[{\"changed\": {\"fields\": [\"priority\"]}}]',7,1),(171,'2017-08-20 07:45:36.800961','6','Timer',2,'[{\"changed\": {\"fields\": [\"priority\"]}}]',7,1),(172,'2017-08-20 07:45:58.511427','4','DFSIP',2,'[{\"changed\": {\"fields\": [\"priority\"]}}]',7,1),(173,'2017-08-20 07:46:13.222131','4','DFSIP',2,'[{\"changed\": {\"fields\": [\"priority\"]}}]',7,1),(174,'2017-08-20 07:46:45.123206','1','Remarketing',2,'[{\"changed\": {\"fields\": [\"priority\"]}}]',7,1),(175,'2017-08-20 07:47:02.961470','14','OnOffBoarding',2,'[{\"changed\": {\"fields\": [\"priority\"]}}]',7,1),(176,'2017-08-20 07:47:21.686943','3','mbims',2,'[{\"changed\": {\"fields\": [\"priority\"]}}]',7,1),(177,'2017-08-20 07:47:52.328920','8','SAUPP',2,'[{\"changed\": {\"fields\": [\"priority\"]}}]',7,1),(178,'2017-08-20 07:48:03.736597','7','GoLegal',2,'[{\"changed\": {\"fields\": [\"priority\"]}}]',7,1),(179,'2017-08-20 07:49:38.377311','15','ProductManager',2,'[{\"changed\": {\"fields\": [\"priority\"]}}]',7,1),(180,'2017-08-20 07:49:51.282635','13','Itv',2,'[{\"changed\": {\"fields\": [\"priority\"]}}]',7,1),(181,'2017-08-20 07:50:07.538334','10','EfilesAutos',2,'[{\"changed\": {\"fields\": [\"priority\"]}}]',7,1),(182,'2017-08-20 07:50:13.344491','11','IC',2,'[{\"changed\": {\"fields\": [\"priority\"]}}]',7,1),(183,'2017-08-20 08:11:17.491027','139','sitioDistribuidores / Bugs / 2017-08-18 15:35:00+00:00 / 844',1,'[{\"added\": {}}]',8,1),(184,'2017-08-20 08:12:01.084063','140','sitioDistribuidores / Code Smells / 2017-08-18 15:35:00+00:00 / 15091',1,'[{\"added\": {}}]',8,1),(185,'2017-08-20 08:12:33.040604','141','sitioDistribuidores / Complexity / 2017-08-18 15:35:00+00:00 / 51545',1,'[{\"added\": {}}]',8,1),(186,'2017-08-20 08:13:01.305867','142','sitioDistribuidores / Duplicated Block / 2017-08-18 15:35:00+00:00 / 4508',1,'[{\"added\": {}}]',8,1),(187,'2017-08-20 08:13:35.720383','143','sitioDistribuidores / Size / 2017-08-18 15:35:00+00:00 / 264286',1,'[{\"added\": {}}]',8,1),(188,'2017-08-20 08:13:58.453965','144','sitioDistribuidores / Vulnerabilities / 2017-08-18 15:35:00+00:00 / 474',1,'[{\"added\": {}}]',8,1),(189,'2017-08-27 09:32:52.307471','1','Daimler',1,'[{\"added\": {}}]',15,1),(190,'2017-08-27 09:33:12.024764','2','Quality and Knowledge',1,'[{\"added\": {}}]',15,1),(191,'2017-08-27 09:33:45.635298','3','Stratus / Banamex',1,'[{\"added\": {}}]',15,1),(192,'2017-08-27 09:33:55.937185','4','Bocar',1,'[{\"added\": {}}]',15,1),(193,'2017-08-27 09:34:09.577812','5','Zucarmex',1,'[{\"added\": {}}]',15,1),(194,'2017-08-27 09:34:25.420349','6','Eximagen',1,'[{\"added\": {}}]',15,1),(195,'2017-08-27 10:16:24.226734','1','Daimler',2,'[{\"changed\": {\"fields\": [\"logo\"]}}]',15,1),(196,'2017-08-27 10:25:54.013249','2','Quality and Knowledge',2,'[{\"changed\": {\"fields\": [\"logo\"]}}]',15,1),(197,'2017-08-27 10:42:16.476346','3','Stratus / Banamex',2,'[]',15,1),(198,'2017-08-27 10:42:24.315759','4','Bocar',2,'[]',15,1),(199,'2017-08-27 10:43:27.933692','4','Bocar',2,'[{\"changed\": {\"fields\": [\"logo\"]}}]',15,1),(200,'2017-08-27 11:06:05.438680','1','Por iniciar',1,'[{\"added\": {}}]',12,1),(201,'2017-08-27 11:06:11.325155','2','En proceso',1,'[{\"added\": {}}]',12,1),(202,'2017-08-27 11:06:22.997470','3','Terminado',1,'[{\"added\": {}}]',12,1),(203,'2017-08-27 11:07:08.026427','1','Alta',1,'[{\"added\": {}}]',14,1),(204,'2017-08-27 11:07:12.954737','2','Normal',1,'[{\"added\": {}}]',14,1),(205,'2017-08-27 11:07:17.676018','3','Baja',1,'[{\"added\": {}}]',14,1),(206,'2017-08-27 11:07:23.986887','4','Muy baja',1,'[{\"added\": {}}]',14,1),(207,'2017-08-27 11:07:50.057393','1','Abierta',1,'[{\"added\": {}}]',10,1),(208,'2017-08-27 11:07:56.721757','2','Asignada',1,'[{\"added\": {}}]',10,1),(209,'2017-08-27 11:08:03.711578','3','Resuelta',1,'[{\"added\": {}}]',10,1),(210,'2017-08-27 11:08:10.470976','4','Cerrada',1,'[{\"added\": {}}]',10,1),(211,'2017-08-27 11:08:18.918279','5','Re-abierta',1,'[{\"added\": {}}]',10,1),(212,'2017-08-27 11:08:32.178321','6','Out of scope',1,'[{\"added\": {}}]',10,1),(213,'2017-08-27 11:11:17.657219','1','BusBuilder',1,'[{\"added\": {}}]',16,1),(214,'2017-08-27 11:12:13.470370','2','Plan de Acción WEB',1,'[{\"added\": {}}]',16,1),(215,'2017-08-27 11:13:11.577779','3','Plan de Acción MOVIL',1,'[{\"added\": {}}]',16,1),(216,'2017-08-27 11:14:17.254467','4','QERP',1,'[{\"added\": {}}]',16,1),(217,'2017-08-27 11:14:58.801235','5','Evaluaciones',1,'[{\"added\": {}}]',16,1),(218,'2017-08-27 11:16:01.723466','6','iAcepta Movil',1,'[{\"added\": {}}]',16,1),(219,'2017-08-27 11:16:47.073905','7','Tuux',1,'[{\"added\": {}}]',16,1),(220,'2017-08-27 11:17:36.450944','8','SIGB',1,'[{\"added\": {}}]',16,1),(221,'2017-08-27 11:18:22.504518','9','Pedidos',1,'[{\"added\": {}}]',16,1),(222,'2017-08-27 11:19:04.547567','10','Cotizador Multiplataforma',1,'[{\"added\": {}}]',16,1),(223,'2017-08-27 11:19:43.742032','11','Actualización del Order Entry',1,'[{\"added\": {}}]',16,1),(224,'2017-08-27 11:44:05.819554','1','BusBuilder',2,'[{\"changed\": {\"fields\": [\"start\", \"end\"]}}]',16,1),(225,'2017-08-27 11:44:58.412776','2','Plan de Acción WEB',2,'[{\"changed\": {\"fields\": [\"start\", \"end\"]}}]',16,1),(226,'2017-08-27 11:45:18.648367','3','Plan de Acción MOVIL',2,'[{\"changed\": {\"fields\": [\"start\", \"end\"]}}]',16,1),(227,'2017-08-27 11:45:50.079589','5','Evaluaciones',2,'[{\"changed\": {\"fields\": [\"start\", \"end\"]}}]',16,1),(228,'2017-08-27 15:26:04.019452','6','iAcepta Movil',2,'[{\"changed\": {\"fields\": [\"start\"]}}]',16,1),(229,'2017-08-27 15:26:32.452413','8','SIGB',2,'[{\"changed\": {\"fields\": [\"start\"]}}]',16,1),(230,'2017-08-27 15:26:44.570362','9','Pedidos',2,'[{\"changed\": {\"fields\": [\"start\"]}}]',16,1),(231,'2017-08-27 15:45:36.682612','5','Evaluaciones',2,'[{\"changed\": {\"fields\": [\"logo\"]}}]',16,1),(232,'2017-08-27 15:52:01.820698','4','QERP',2,'[{\"changed\": {\"fields\": [\"logo\"]}}]',16,1),(233,'2017-08-27 16:56:32.633069','1','bloqueo',1,'[{\"added\": {}}]',17,1),(234,'2017-08-27 16:56:37.836303','2','mayor',1,'[{\"added\": {}}]',17,1),(235,'2017-08-27 16:56:43.303747','3','funcionalidad',1,'[{\"added\": {}}]',17,1),(236,'2017-08-27 16:56:48.346979','4','menor',1,'[{\"added\": {}}]',17,1),(237,'2017-08-27 16:56:53.019046','5','ajuste',1,'[{\"added\": {}}]',17,1),(238,'2017-08-27 16:57:02.184259','6','texto',1,'[{\"added\": {}}]',17,1),(239,'2017-08-27 17:19:30.487783','5','Urgente',1,'[{\"added\": {}}]',14,1),(240,'2017-08-27 18:09:39.269798','1','Corregida',1,'[{\"added\": {}}]',18,1),(241,'2017-08-27 18:09:45.739697','2','No corregida',1,'[{\"added\": {}}]',18,1),(242,'2017-08-27 18:09:52.354662','3','Duplicada',1,'[{\"added\": {}}]',18,1),(243,'2017-08-27 18:09:58.650761','4','Incompleta',1,'[{\"added\": {}}]',18,1),(244,'2017-08-27 18:10:09.459924','5','No se puede reproducir',1,'[{\"added\": {}}]',18,1),(245,'2017-08-27 18:11:11.232096','6','Out of scope',3,'',10,1),(246,'2017-08-31 14:00:26.440000','7','Steren',1,'[{\"added\": {}}]',15,1),(247,'2017-08-31 14:01:52.239000','9','Montepio',1,'[{\"added\": {}}]',15,1),(248,'2017-08-31 14:07:27.728000','12','POS',1,'[{\"added\": {}}]',16,1),(249,'2017-08-31 14:10:52.755000','13','Subastas',1,'[{\"added\": {}}]',16,1),(250,'2017-08-31 14:11:54.928000','14','Portal Comunica2',1,'[{\"added\": {}}]',16,1),(251,'2017-08-31 14:12:50.019000','15','iAfore- Recertificacion',1,'[{\"added\": {}}]',16,1),(252,'2017-08-31 14:13:43.711000','16','goContrat/ E-Files',1,'[{\"added\": {}}]',16,1),(253,'2017-08-31 14:25:57.394000','1','BusBuilder - Chasis',2,'[{\"changed\": {\"fields\": [\"name\"]}}]',16,1),(254,'2017-08-31 14:26:12.954000','6','iAcepta',2,'[{\"changed\": {\"fields\": [\"name\"]}}]',16,1),(255,'2017-08-31 14:26:36.954000','9','ZUCARMEX',2,'[{\"changed\": {\"fields\": [\"name\"]}}]',16,1),(256,'2017-09-03 14:02:12.010776','17','CD con gastos de ratificación',1,'[{\"added\": {}}]',16,1),(257,'2017-09-03 14:03:16.765101','18','Notificaciones',1,'[{\"added\": {}}]',16,1),(258,'2017-09-03 14:03:29.116415','16','goContrat/ E-Files',2,'[{\"changed\": {\"fields\": [\"logo\"]}}]',16,1);
/*!40000 ALTER TABLE `django_admin_log` ENABLE KEYS */;
UNLOCK TABLES;

--
-- Table structure for table `django_content_type`
--

DROP TABLE IF EXISTS `django_content_type`;
/*!40101 SET @saved_cs_client     = @@character_set_client */;
/*!40101 SET character_set_client = utf8 */;
CREATE TABLE `django_content_type` (
  `id` int(11) NOT NULL AUTO_INCREMENT,
  `app_label` varchar(100) NOT NULL,
  `model` varchar(100) NOT NULL,
  PRIMARY KEY (`id`),
  UNIQUE KEY `django_content_type_app_label_model_76bd3d3b_uniq` (`app_label`,`model`)
) ENGINE=InnoDB AUTO_INCREMENT=21 DEFAULT CHARSET=utf8;
/*!40101 SET character_set_client = @saved_cs_client */;

--
-- Dumping data for table `django_content_type`
--

LOCK TABLES `django_content_type` WRITE;
/*!40000 ALTER TABLE `django_content_type` DISABLE KEYS */;
INSERT INTO `django_content_type` VALUES (1,'admin','logentry'),(3,'auth','group'),(2,'auth','permission'),(4,'auth','user'),(5,'contenttypes','contenttype'),(15,'quality','customer'),(11,'quality','issue'),(20,'quality','issueinput'),(14,'quality','issuepriority'),(19,'quality','issueprocess'),(18,'quality','issueresolution'),(17,'quality','issueseverity'),(10,'quality','issuestatus'),(13,'quality','member'),(16,'quality','project'),(12,'quality','projectstatus'),(6,'sessions','session'),(8,'viewer','entry'),(9,'viewer','metric'),(7,'viewer','project');
/*!40000 ALTER TABLE `django_content_type` ENABLE KEYS */;
UNLOCK TABLES;

--
-- Table structure for table `django_migrations`
--

DROP TABLE IF EXISTS `django_migrations`;
/*!40101 SET @saved_cs_client     = @@character_set_client */;
/*!40101 SET character_set_client = utf8 */;
CREATE TABLE `django_migrations` (
  `id` int(11) NOT NULL AUTO_INCREMENT,
  `app` varchar(255) NOT NULL,
  `name` varchar(255) NOT NULL,
  `applied` datetime(6) NOT NULL,
  PRIMARY KEY (`id`)
) ENGINE=InnoDB AUTO_INCREMENT=28 DEFAULT CHARSET=utf8;
/*!40101 SET character_set_client = @saved_cs_client */;

--
-- Dumping data for table `django_migrations`
--

LOCK TABLES `django_migrations` WRITE;
/*!40000 ALTER TABLE `django_migrations` DISABLE KEYS */;
INSERT INTO `django_migrations` VALUES (1,'contenttypes','0001_initial','2017-08-18 04:48:02.373417'),(2,'auth','0001_initial','2017-08-18 04:48:13.266666'),(3,'admin','0001_initial','2017-08-18 04:48:15.665208'),(4,'admin','0002_logentry_remove_auto_add','2017-08-18 04:48:15.710746'),(5,'contenttypes','0002_remove_content_type_name','2017-08-18 04:48:17.092238'),(6,'auth','0002_alter_permission_name_max_length','2017-08-18 04:48:17.935402'),(7,'auth','0003_alter_user_email_max_length','2017-08-18 04:48:19.323492'),(8,'auth','0004_alter_user_username_opts','2017-08-18 04:48:19.361510'),(9,'auth','0005_alter_user_last_login_null','2017-08-18 04:48:19.926888'),(10,'auth','0006_require_contenttypes_0002','2017-08-18 04:48:19.968423'),(11,'auth','0007_alter_validators_add_error_messages','2017-08-18 04:48:20.032656'),(12,'auth','0008_alter_user_username_max_length','2017-08-18 04:48:20.679644'),(13,'sessions','0001_initial','2017-08-18 04:48:21.246023'),(14,'viewer','0001_initial','2017-08-18 05:05:49.678865'),(15,'viewer','0002_project_priority','2017-08-20 07:39:55.324485'),(16,'quality','0001_initial','2017-08-27 09:20:53.899302'),(17,'quality','0002_auto_20170827_0624','2017-08-27 11:24:55.460752'),(18,'quality','0002_auto_20170827_0636','2017-08-27 11:42:14.473547'),(19,'quality','0003_auto_20170827_1030','2017-08-27 15:30:32.411597'),(20,'quality','0004_auto_20170827_1033','2017-08-27 15:33:49.745780'),(21,'quality','0002_auto_20170827_1308','2017-08-27 18:09:00.490509'),(22,'quality','0003_issueprocess','2017-08-30 14:48:46.444000'),(23,'quality','0004_issueinput','2017-08-30 14:48:47.785000'),(24,'quality','0005_auto_20170830_1503','2017-08-30 20:03:24.676000'),(25,'quality','0006_auto_20170830_1719','2017-08-30 22:21:00.986000'),(26,'quality','0007_auto_20170830_1720','2017-08-30 22:21:02.723000'),(27,'quality','0008_auto_20170903_0616','2017-09-03 11:16:43.570056');
/*!40000 ALTER TABLE `django_migrations` ENABLE KEYS */;
UNLOCK TABLES;

--
-- Table structure for table `django_session`
--

DROP TABLE IF EXISTS `django_session`;
/*!40101 SET @saved_cs_client     = @@character_set_client */;
/*!40101 SET character_set_client = utf8 */;
CREATE TABLE `django_session` (
  `session_key` varchar(40) NOT NULL,
  `session_data` longtext NOT NULL,
  `expire_date` datetime(6) NOT NULL,
  PRIMARY KEY (`session_key`),
  KEY `django_session_expire_date_a5c62663` (`expire_date`)
) ENGINE=InnoDB DEFAULT CHARSET=utf8;
/*!40101 SET character_set_client = @saved_cs_client */;

--
-- Dumping data for table `django_session`
--

LOCK TABLES `django_session` WRITE;
/*!40000 ALTER TABLE `django_session` DISABLE KEYS */;
INSERT INTO `django_session` VALUES ('by8encv5sn7thaqww2k2x4g3qgyw3y45','MmIxMWVkZjVjNmUzYzY5ZWFiMTk2MGZmMjkyYzE3MGZkZWZiYmM4Yjp7Il9hdXRoX3VzZXJfaWQiOiIxIiwiX2F1dGhfdXNlcl9iYWNrZW5kIjoiZGphbmdvLmNvbnRyaWIuYXV0aC5iYWNrZW5kcy5Nb2RlbEJhY2tlbmQiLCJfYXV0aF91c2VyX2hhc2giOiJlNGFkYTk1OTlhM2YzZGFiNzQ1YmE5MTE1ZDY2NmVhMTlkOWY0MjY5In0=','2017-09-01 05:10:14.740096'),('hwch981y3vibj9a91l5skk3rpufn50w8','ZTcxODA0NzIwZjI1NjNhMjUxNDhhZjYzZmQyMmRhNjU5OWM3ZTNhMzp7Il9hdXRoX3VzZXJfaGFzaCI6ImU0YWRhOTU5OWEzZjNkYWI3NDViYTkxMTVkNjY2ZWExOWQ5ZjQyNjkiLCJfYXV0aF91c2VyX2JhY2tlbmQiOiJkamFuZ28uY29udHJpYi5hdXRoLmJhY2tlbmRzLk1vZGVsQmFja2VuZCIsIl9hdXRoX3VzZXJfaWQiOiIxIn0=','2017-09-14 13:57:58.313000'),('i47eeymazvtq1v9lpi3me97nud3qc18l','MmIxMWVkZjVjNmUzYzY5ZWFiMTk2MGZmMjkyYzE3MGZkZWZiYmM4Yjp7Il9hdXRoX3VzZXJfaWQiOiIxIiwiX2F1dGhfdXNlcl9iYWNrZW5kIjoiZGphbmdvLmNvbnRyaWIuYXV0aC5iYWNrZW5kcy5Nb2RlbEJhY2tlbmQiLCJfYXV0aF91c2VyX2hhc2giOiJlNGFkYTk1OTlhM2YzZGFiNzQ1YmE5MTE1ZDY2NmVhMTlkOWY0MjY5In0=','2017-09-17 22:59:22.988457');
/*!40000 ALTER TABLE `django_session` ENABLE KEYS */;
UNLOCK TABLES;

--
-- Table structure for table `quality_customer`
--

DROP TABLE IF EXISTS `quality_customer`;
/*!40101 SET @saved_cs_client     = @@character_set_client */;
/*!40101 SET character_set_client = utf8 */;
CREATE TABLE `quality_customer` (
  `id` int(11) NOT NULL AUTO_INCREMENT,
  `name` varchar(100) NOT NULL,
  `logo` varchar(100) NOT NULL,
  PRIMARY KEY (`id`),
  UNIQUE KEY `name` (`name`)
) ENGINE=InnoDB AUTO_INCREMENT=10 DEFAULT CHARSET=utf8;
/*!40101 SET character_set_client = @saved_cs_client */;

--
-- Dumping data for table `quality_customer`
--

LOCK TABLES `quality_customer` WRITE;
/*!40000 ALTER TABLE `quality_customer` DISABLE KEYS */;
INSERT INTO `quality_customer` VALUES (1,'Daimler','daimler.jpg'),(2,'Quality and Knowledge','qacg.png'),(3,'Stratus / Banamex','stratus_banamex.png'),(4,'Bocar','bocar.png'),(5,'Zucarmex','zucarmex.png'),(6,'Eximagen','eximagen.png'),(7,'Steren','steren.png'),(9,'Montepio','montepio.png');
/*!40000 ALTER TABLE `quality_customer` ENABLE KEYS */;
UNLOCK TABLES;

--
-- Table structure for table `quality_issue`
--

DROP TABLE IF EXISTS `quality_issue`;
/*!40101 SET @saved_cs_client     = @@character_set_client */;
/*!40101 SET character_set_client = utf8 */;
CREATE TABLE `quality_issue` (
  `id` int(11) NOT NULL AUTO_INCREMENT,
  `description` varchar(500) NOT NULL,
  `created` date NOT NULL,
  `resolved` date DEFAULT NULL,
  `closed` date DEFAULT NULL,
  `assignee_id` int(11) NOT NULL,
  `priority_id` int(11) NOT NULL,
  `project_id` int(11) NOT NULL,
  `reporter_id` int(11) NOT NULL,
  `status_id` int(11) NOT NULL,
  `severity_id` int(11) NOT NULL,
  `resolution_id` int(11) DEFAULT NULL,
  `ref` varchar(20) NOT NULL,
  `source` varchar(100) NOT NULL,
  PRIMARY KEY (`id`),
  KEY `quality_issue_assignee_id_701bbf1b_fk_quality_member_id` (`assignee_id`),
  KEY `quality_issue_priority_id_01f20de5_fk_quality_issuepriority_id` (`priority_id`),
  KEY `quality_issue_project_id_2b3827ce_fk_quality_project_id` (`project_id`),
  KEY `quality_issue_reporter_id_cbc2cd14_fk_quality_member_id` (`reporter_id`),
  KEY `quality_issue_status_id_d5402359_fk_quality_issuestatus_id` (`status_id`),
  KEY `quality_issue_severity_id_38d2382a_fk_quality_issueseverity_id` (`severity_id`),
  KEY `quality_issue_resolution_id_ccb3ab2a_fk_quality_i` (`resolution_id`),
  CONSTRAINT `quality_issue_assignee_id_701bbf1b_fk_quality_member_id` FOREIGN KEY (`assignee_id`) REFERENCES `quality_member` (`id`),
  CONSTRAINT `quality_issue_priority_id_01f20de5_fk_quality_issuepriority_id` FOREIGN KEY (`priority_id`) REFERENCES `quality_issuepriority` (`id`),
  CONSTRAINT `quality_issue_project_id_2b3827ce_fk_quality_project_id` FOREIGN KEY (`project_id`) REFERENCES `quality_project` (`id`),
  CONSTRAINT `quality_issue_reporter_id_cbc2cd14_fk_quality_member_id` FOREIGN KEY (`reporter_id`) REFERENCES `quality_member` (`id`),
  CONSTRAINT `quality_issue_resolution_id_ccb3ab2a_fk_quality_i` FOREIGN KEY (`resolution_id`) REFERENCES `quality_issueresolution` (`id`),
  CONSTRAINT `quality_issue_severity_id_38d2382a_fk_quality_issueseverity_id` FOREIGN KEY (`severity_id`) REFERENCES `quality_issueseverity` (`id`),
  CONSTRAINT `quality_issue_status_id_d5402359_fk_quality_issuestatus_id` FOREIGN KEY (`status_id`) REFERENCES `quality_issuestatus` (`id`)
) ENGINE=InnoDB AUTO_INCREMENT=11718 DEFAULT CHARSET=utf8;
/*!40101 SET character_set_client = @saved_cs_client */;

--
-- Dumping data for table `quality_issue`
--

LOCK TABLES `quality_issue` WRITE;
/*!40000 ALTER TABLE `quality_issue` DISABLE KEYS */;
INSERT INTO `quality_issue` VALUES (11403,'Se detecta que la propina cambia cuando se modifica el importe','2017-08-25','2017-08-25','2017-08-25',12,4,6,8,6,6,5,'0000329','local'),(11404,'En los Chasis de modelos OH se aprecia cortada el área de carrusel','2017-08-25',NULL,NULL,6,3,1,6,6,4,1,'0000328','local'),(11405,'Algunos campos de captura no se quedan registrados y otros en etiquetas simples se puede capturar','2017-08-25',NULL,NULL,4,3,1,6,6,4,1,'0000327','local'),(11406,'Se detecta que el carrusel de los MSI es diferente al de IOS','2017-08-25',NULL,NULL,3,3,6,8,5,5,1,'0000326','local'),(11407,'\"\"No aparece Icono \"\"\"\"Abierto\"\"\"\"\"\"','2017-08-25','2017-08-25','2017-08-25',2,4,2,1,6,5,2,'0000324','local'),(11408,'Se detecta que al intentar realizar un pago con una tarjeta de banda la app manda una alerta que la tarjeta tiene chip.','2017-08-25','2017-08-25','2017-08-25',8,4,6,8,6,6,2,'0000323','local'),(11409,'Se detecta que al realizar varios intentos con tarjetas inválidas la aplicación se traba','2017-08-25',NULL,NULL,9,3,6,8,5,5,1,'0000322','local'),(11410,'Se detecta que un mensaje de error no tiene funcionalidad','2017-08-25','2017-08-25','2017-08-25',8,4,6,8,7,6,2,'0000321','local'),(11411,'Se detecta que sigue pidiendo de manera obligatoria encender la localización del dispositivo.','2017-08-25','2017-08-25','2017-08-25',8,3,6,8,6,6,2,'0000320','local'),(11412,'El modelo de Carrocería no coincide con el seleccionado','2017-08-24','2017-08-25','2017-08-25',4,4,1,6,7,5,2,'0000319','local'),(11413,'Se contabiliza mal el cálculo del IVA y se Redondea','2017-08-24',NULL,NULL,4,4,1,6,6,6,1,'0000318','local'),(11414,'Falta Validación en el modulo calendario','2017-08-24','2017-08-25','2017-08-25',2,4,2,1,7,5,2,'0000316','local'),(11415,'Menu de Componentes sube hasta logo de MB','2017-08-24',NULL,NULL,4,4,1,6,6,6,1,'0000315','local'),(11416,'Al seleccionar el motor no aparecen especificaciones','2017-08-23',NULL,NULL,4,4,1,6,6,6,1,'0000314','local'),(11417,'No carga Performance en ningún modelo de chasis','2017-08-23',NULL,NULL,4,5,1,6,6,8,1,'0000313','local'),(11418,'Se detecta que al realizar un multipago con una tarjeta monedero naranja esta se procesa de forma correcta','2017-08-21','2017-08-24','2017-08-24',8,4,6,8,6,6,2,'0000305','local'),(11419,'Se detecta que al intentar procesar un pago con una tarjeta tipo monedero la aplicación se cierra dramáticamente.','2017-08-21','2017-08-24','2017-08-24',8,4,6,8,6,6,2,'0000304','local'),(11420,'Se detecta que no permite regresarte atrás en el modulo de devolución y cancelación al no aceptar el permiso de ubicación','2017-08-18','2017-08-24','2017-08-24',8,3,6,8,6,5,2,'0000303','local'),(11421,'Se detecta que al rechazar el permiso de ubicación y seguir con el pago al momento de mostrar el Voucher te bota a ajustes','2017-08-17','2017-08-25','2017-08-25',8,4,6,8,7,6,2,'0000302','local'),(11422,'Se detecta que al rechazar los permisos de ubicación al insertar el Walker la aplicación te regresa a la pagina anterior','2017-08-17','2017-08-25','2017-08-25',8,3,6,8,7,5,2,'0000301','local'),(11423,'Se detecta que al ingresar por primera vez en la app de iAcepta algunas etiquetas están fuera de posición','2017-08-17','2017-08-25','2017-08-25',8,3,6,8,7,5,2,'0000299','local'),(11424,'Menu sigue siendo funcional aun con mensaje emergente','2017-08-17',NULL,NULL,10,3,8,6,5,5,1,'0000298','local'),(11425,'Se detecta que al no aceptar los permisos de ubicación y micrófono la aplicación se traba','2017-08-16','2017-08-17','2017-08-17',8,4,6,8,7,6,2,'0000295','local'),(11426,'Se detecta que se puede realizar un pago sin haber activado el micrófono y la localización','2017-08-16','2017-08-16','2017-08-16',8,4,6,8,7,6,2,'0000294','local'),(11427,'Se detecta que al negar los permisos necesarios para realizar un pago la flecha atrás pierde su función.','2017-08-16','2017-08-18','2017-08-18',8,4,6,8,7,6,2,'0000293','local'),(11428,'Se detecta que al hacer un pago y seleccionar los MSI te da la opción de elegir hasta 24 meses','2017-08-16','2017-08-17','2017-08-17',8,3,6,8,7,5,2,'0000292','local'),(11429,'Se detecta que el correo electrónico que se manda al realizar un pago no esta llegando de forma correcta la ubicación.','2017-08-15','2017-08-24','2017-08-24',8,3,6,8,6,5,2,'0000291','local'),(11430,'La visita creada no aparece en mis visitas','2017-08-15','2017-08-15','2017-08-15',2,4,2,1,7,5,2,'0000290','local'),(11431,'Se repite subrubro en el modulo calificación visita','2017-08-15','2017-08-15','2017-08-15',2,4,2,1,7,5,2,'0000289','local'),(11432,'Se detecta que en ocasiones la aplicación se traba.','2017-08-14','2017-08-17','2017-08-17',8,3,6,8,7,5,2,'0000288','local'),(11433,'Se detecta que existen diferencias entre el tutorial de Android e IOS','2017-08-14',NULL,NULL,3,3,6,8,1,5,3,'0000287','local'),(11434,'Se detecta que al cambiar la pantalla de horizontal a vertical una parte se muestra negra.','2017-08-14',NULL,NULL,9,2,6,8,5,5,1,'0000286','local'),(11435,'Se detecta que al realizar una devolución con datos no reales esta se aprueba','2017-08-14','2017-08-16','2017-08-16',12,4,6,8,6,6,7,'0000285','local'),(11436,'Se detecta que en ocaciones no se muestra el historial de las transacciones.','2017-08-14','2017-08-17','2017-08-17',12,3,6,8,6,5,5,'0000284','local'),(11437,'','2017-08-14','2017-08-16','2017-08-16',12,4,6,8,6,6,7,'0000283','local'),(11438,'Se detecta que no se puede hacer el pago.','2017-08-14',NULL,NULL,12,4,6,8,5,6,1,'0000282','local'),(11439,'Se detecta que no puedes ingresar en el importe un punto como inicio','2017-08-14','2017-08-17','2017-08-17',8,3,6,8,7,5,2,'0000281','local'),(11440,'Se detecta que el contador de los meses pasa de 0 a 12 cuando se gira a la derecha','2017-08-11','2017-08-16','2017-08-16',9,3,6,8,7,5,2,'0000280','local'),(11441,'Falta validación en visita rechazada','2017-08-11','2017-08-15','2017-08-15',2,4,2,1,7,5,2,'0000279','local'),(11442,'Se detecta que al ingresar el usuario y dar clic en el botón de Enter realiza un salto de línea dentro de campo de usuario.','2017-08-10','2017-08-15','2017-08-15',3,2,6,6,7,5,2,'0000278','local'),(11443,'Se detecta que el mensaje de error que muestra la aplicación no se ve completo.','2017-08-10','2017-08-16','2017-08-16',8,2,6,6,7,5,2,'0000277','local'),(11444,'Se detecta que al intentar iniciar sesión en la aplicación manda mensaje de error.','2017-08-10','2017-08-14','2017-08-14',9,5,6,6,7,1,2,'0000276','local'),(11445,'Se detecta que al intentar iniciar sesión en la aplicación manda mensaje de error.','2017-08-10','2017-08-17','2017-08-17',8,4,6,6,7,1,2,'0000275','local'),(11446,'','2017-08-09','2017-08-15','2017-08-15',2,3,2,6,7,4,2,'0000274','local'),(11447,'','2017-08-09',NULL,NULL,11,3,9,5,5,5,1,'0000273','local'),(11448,'','2017-08-09','2017-08-11','2017-08-11',5,3,9,5,6,5,2,'0000272','local'),(11449,'','2017-08-09','2017-08-11','2017-08-11',5,3,9,5,6,5,2,'0000271','local'),(11450,'Al agendar una visita como pendiente Aparece Abierta','2017-08-09','2017-08-10','2017-08-10',7,4,2,6,7,1,2,'0000270','local'),(11451,'Pedidos/ En la pantalla de mis pedidos el filtro sale sobre expuesto en la columna de Cancelación','2017-08-09',NULL,NULL,11,2,9,5,5,5,1,'0000269','local'),(11452,'\"\"Pedidos/Al finalizar el pedido y darle el botón guardar sale un mensaje con el texto \"\"\"\"NULL\"\"\"\" y no guarda el pedido\"\"','2017-08-09',NULL,NULL,11,4,9,5,5,8,1,'0000268','local'),(11453,'En el resumen del pedido no se muestra el precio de maniobra y no lo está considerando en el total','2017-08-09',NULL,NULL,11,3,9,5,5,5,1,'0000267','local'),(11454,'En el resumen del pedido no se muestra el precio de maniobra y no lo está considerando en el total','2017-08-09',NULL,NULL,11,3,9,5,5,5,1,'0000266','local'),(11455,'Pedido/Resumen: EN la ventana de Resumen del pedido no se esta mostrando el precio de maniobra que se ingreso','2017-08-09',NULL,NULL,11,3,9,5,5,5,1,'0000265','local'),(11456,'Se seleccionan dos opciones en modulo preguntas','2017-08-09','2017-08-15','2017-08-15',2,4,2,1,7,5,2,'0000264','local'),(11457,'Resumen de pedido/Se recomienda por estandarización poner con mayúscula la letra P en la palabra Pedido','2017-08-09',NULL,NULL,11,2,9,5,5,5,1,'0000263','local'),(11458,'Pedidos/Se sugiere colocar el acento a la palabra Almacén','2017-08-09','2017-08-11','2017-08-11',5,2,9,5,6,5,2,'0000262','local'),(11459,'En la ventana de pedidos Se sugiere colocar el acento a la palabra Almacén','2017-08-09','2017-08-11','2017-08-11',5,3,9,5,6,5,2,'0000261','local'),(11460,'Se recomienda para estandarización poner las primeras letras de cada palabra en mayúscula','2017-08-09','2017-08-11','2017-08-11',5,3,9,5,6,5,2,'0000260','local'),(11461,'Del menú principal se recomienda poner el acento en la palabra configuración','2017-08-09','2017-08-10','2017-08-10',5,2,9,5,6,5,2,'0000259','local'),(11462,'','2017-08-09',NULL,NULL,4,3,1,6,6,5,1,'0000258','local'),(11463,'Se detectan faltas ortográficas en el modulo de motor.','2017-08-08','2017-08-23','2017-08-23',4,2,1,6,7,5,2,'0000257','local'),(11464,'Se detecta una separación menor entre las etiquetas de Performance','2017-08-08',NULL,NULL,4,2,1,6,6,5,1,'0000256','local'),(11465,'Se detecta empalme en las gráficas de Performance','2017-08-08',NULL,NULL,4,2,1,6,6,5,1,'0000255','local'),(11466,'Se detentan saltos de selección en modelos de llantas del chasis LO 916/45','2017-08-08','2017-08-23','2017-08-23',4,3,1,6,7,1,2,'0000254','local'),(11467,'Despues de Selecionar rango de fechas se mantiene la selección','2017-08-08','2017-08-11','2017-08-11',2,3,2,6,7,4,2,'0000253','local'),(11468,'No deja cambiar fecha','2017-08-08','2017-08-15','2017-08-15',2,4,2,1,7,5,2,'0000252','local'),(11469,'Al actualizar app no se actualizan las visitas y ya se borraron','2017-08-08','2017-08-08','2017-08-08',2,4,2,6,7,6,2,'0000251','local'),(11470,'Se detectan faltas ortograficas en modulos','2017-08-07',NULL,NULL,4,2,1,6,6,3,1,'0000250','local'),(11471,'Se empalman las opciones de conguración sobre imagenes de chasis','2017-08-07',NULL,NULL,4,2,1,6,6,4,1,'0000249','local'),(11472,'\"\"Permite selecionar todas las opciones en \"\"\"\"Sistema neumatico\"\"\"\"\"\"','2017-08-07','2017-08-23','2017-08-23',4,4,1,6,7,4,2,'0000248','local'),(11473,'Etiqueta rubro desaparece al aplicar filtro','2017-08-07','2017-08-10','2017-08-10',2,4,2,1,7,5,2,'0000247','local'),(11474,'Acción de Recarga no tiene un uso','2017-08-07','2017-08-09','2017-08-09',2,4,2,1,7,5,2,'0000246','local'),(11475,'Permite seleccionar Pregunta cuando no debería','2017-08-07','2017-08-15','2017-08-15',2,4,2,1,7,5,2,'0000245','local'),(11476,'Falta correcta validación en campo correo','2017-08-03','2017-08-09','2017-08-09',2,4,2,1,7,5,2,'0000244','local'),(11477,'No hay una correcta validación en campo correo','2017-08-03','2017-08-09','2017-08-09',2,4,2,1,7,5,2,'0000243','local'),(11478,'Falta correcta validación en campo nombre','2017-08-02','2017-08-08','2017-08-08',2,4,2,1,7,5,2,'0000242','local'),(11479,'Falta validación en modulo Calendario','2017-08-02','2017-08-08','2017-08-08',2,4,2,1,7,5,2,'0000241','local'),(11480,'No se muestra mensaje de advertencia al cerrar visita no realizada','2017-08-02','2017-08-08','2017-08-08',2,3,2,6,7,4,2,'0000240','local'),(11481,'Se cierra la aplicación al seleccionar Área','2017-08-01','2017-08-01','2017-08-01',2,4,2,1,7,5,2,'0000239','local'),(11482,'Etiqueta en Calendario dice Inicio','2017-08-01','2017-08-02','2017-08-02',2,2,2,6,7,3,2,'0000238','local'),(11483,'Aparece fecha de año 2013 cuando realiza la carga de cotizacion anterior','2017-07-31','2017-08-23','2017-08-23',4,3,1,6,7,5,2,'0000237','local'),(11484,'Falta validar campo Correo Electronico','2017-07-31','2017-08-01','2017-08-01',2,4,2,1,7,5,2,'0000236','local'),(11485,'','2017-07-31','2017-08-01','2017-08-01',2,4,2,1,7,5,2,'0000235','local'),(11486,'En el calendario se coloca + en lugar del icono de filtro y la i no aparece en ocasiones','2017-07-31','2017-08-02','2017-08-02',2,4,2,6,7,4,2,'0000234','local'),(11487,'Guarda sin estar correctamente validado el Modulo','2017-07-31','2017-08-01','2017-08-01',2,4,2,1,7,1,2,'0000233','local'),(11488,'No muestra las Actividades correspondientes al usuario','2017-07-31','2017-08-01','2017-08-01',2,4,2,1,7,1,2,'0000232','local'),(11489,'La busqueda arroja como resultado una visita pendiente','2017-07-31','2017-08-02','2017-08-02',2,4,2,6,7,1,2,'0000231','local'),(11490,'No actualiza en automático Nueva Visita','2017-07-31','2017-08-01','2017-08-01',2,4,2,1,7,5,2,'0000230','local'),(11491,'falta validación en el modulo Agregar Actividad','2017-07-31','2017-08-01','2017-08-01',2,4,2,1,7,1,2,'0000229','local'),(11492,'\"\"No cambia etiqueta \"\"\"\"Todos los Supervisores\"\"\"\"\"\"','2017-07-28','2017-08-01','2017-08-01',2,4,2,1,7,5,2,'0000228','local'),(11493,'Agenda Visita sin validar bien los campos','2017-07-28','2017-07-28','2017-07-28',2,4,2,1,7,5,2,'0000227','local'),(11494,'','2017-07-27','2017-07-28','2017-07-28',2,4,2,1,7,5,2,'0000226','local'),(11495,'Las visitas en el mes de julio no aparecen todas','2017-07-27','2017-07-27','2017-07-27',7,4,2,6,7,1,2,'0000225','local'),(11496,'Falta de orden en registros Mis Visitas','2017-07-27','2017-07-28','2017-07-28',2,4,2,1,7,5,2,'0000224','local'),(11497,'Cambia de nombre la etiqueta de Actividades','2017-07-26','2017-07-28','2017-07-28',2,4,2,1,7,5,2,'0000223','local'),(11498,'No se cierra la sesión','2017-07-26','2017-08-22','2017-08-22',2,4,2,1,7,5,2,'0000222','local'),(11499,'Guarda la imagen cuando no hay ninguna pregunta contestada','2017-07-25','2017-07-26','2017-07-26',2,4,2,1,7,5,2,'0000221','local'),(11500,'No hay mismo diseño en fechas','2017-07-25','2017-07-26','2017-07-26',2,4,2,1,7,5,2,'0000218','local'),(11501,'Preguntas Calificadas no tienen restriccion','2017-07-25','2017-07-26','2017-07-26',2,4,2,1,7,1,2,'0000217','local'),(11502,'','2017-07-25','2017-08-22','2017-08-22',2,4,2,6,7,6,2,'0000216','local'),(11503,'En pantalla de acceso Accion esta mal escrito','2017-07-25','2017-07-25','2017-07-25',2,2,2,6,7,5,2,'0000215','local'),(11504,'No edita las actividades','2017-07-25','2017-07-28','2017-07-28',2,4,2,1,7,5,2,'0000214','local'),(11505,'Confundible la colocación del icono que borra firma','2017-07-25','2017-07-26','2017-07-26',2,4,2,1,7,5,2,'0000213','local'),(11506,'No hay una correcta validación','2017-07-24','2017-08-01','2017-08-01',2,4,2,1,7,5,2,'0000212','local'),(11507,'Calendario no se muestra completo en tablet con versión diferente','2017-07-24','2017-07-26','2017-07-26',2,4,2,1,7,5,2,'0000211','local'),(11508,'Fucionalidad en boton Eliminar Firma','2017-07-24','2017-07-26','2017-07-26',2,4,2,1,7,5,2,'0000210','local'),(11509,'El campo de captura de cantidad permite captura mayor a 11 caracteres','2017-07-20',NULL,NULL,4,3,1,6,6,5,1,'0000209','local'),(11510,'En celda de Nombre de cliente se pueden colocar mas de 255 caracteres','2017-07-20',NULL,NULL,6,3,1,6,6,5,1,'0000208','local'),(11511,'Icono de Subir imágenes o archivo sin funcionalidad','2017-07-18','2017-07-26','2017-07-26',2,4,2,1,7,1,2,'0000207','local'),(11512,'No Edita las Actividades','2017-07-18','2017-07-28','2017-07-28',2,4,2,1,7,1,2,'0000206','local'),(11513,'Interfaz con error en la pantalla de carga','2017-07-18','2017-07-26','2017-07-26',2,4,2,1,7,1,2,'0000205','local'),(11514,'Filtro sin Funcionalidad en la Interfaz Mis Visitas','2017-07-18','2017-07-26','2017-07-26',2,4,2,1,7,1,2,'0000204','local'),(11515,'Se encuentra error de mayuscula en una etiqueta','2017-07-18','2017-08-23','2017-08-23',4,2,1,6,7,5,2,'0000203','local'),(11516,'Nombre de la Etiqueta actividades y su interfaz','2017-07-18','2017-07-26','2017-07-26',2,3,2,1,7,5,2,'0000200','local'),(11517,'Las etiquetas del modelo OC500 no son funcionales','2017-07-18','2017-08-23','2017-08-23',4,4,1,6,7,4,2,'0000199','local'),(11518,'Icono de Información no tiene funcionalidad','2017-07-18','2017-08-02','2017-08-02',2,4,2,1,7,1,2,'0000198','local'),(11519,'En el nombre de Chasis de Lo no tiene funcionalidad','2017-07-18','2017-08-23','2017-08-23',4,4,1,6,7,4,2,'0000197','local'),(11520,'Menú de la aplicación se torno blanco y las etiquetas dejaron de verse','2017-07-18','2017-07-26','2017-07-26',2,4,2,1,7,5,2,'0000196','local'),(11521,'Etiquetas de Barra de busqueda se empalman con Celdas','2017-07-07','2017-08-03','2017-08-03',10,2,8,6,6,5,2,'0000195','local'),(11522,'En la barra dentro de el Reporte viene en Ingles','2017-07-07','2017-08-03','2017-08-03',10,2,8,6,6,5,2,'0000194','local'),(11523,'Fallo La Version en Tipo de Monto Presupuesto esta bloqueada y no trae ninguna','2017-07-03','2017-08-17','2017-08-17',10,3,8,6,7,6,2,'0000193','local'),(11524,'Fallo No Hay versiones en Proyectado','2017-07-03','2017-08-17','2017-08-17',10,3,8,6,7,1,2,'0000192','local'),(11525,'Fallo: Actualizando la Version la información se borra y las celdas no se bloquean','2017-07-03','2017-08-17','2017-08-17',10,4,8,6,7,6,2,'0000191','local'),(11526,'SD - Sales Reports SD XD05 - Customer List: Checar que existan registros','2017-05-31',NULL,NULL,13,3,12,14,5,1,1,'0000190','local'),(11527,'','2017-05-31',NULL,NULL,13,3,12,14,5,1,1,'0000189','local'),(11528,'','2017-05-30','2017-05-31','2017-05-31',13,3,12,14,6,1,2,'0000188','local'),(11529,'','2017-05-30','2017-05-31','2017-05-31',13,3,12,14,6,1,2,'0000187','local'),(11530,'MM  Materials Configuration MMDC  Classes Purchasing Document: Botones en español','2017-05-29','2017-05-29','2017-05-29',13,3,12,14,6,3,2,'0000186','local'),(11531,'MM  Materials Configuration GRC8  Shopping Groups: botones en español','2017-05-29','2017-05-29','2017-05-29',13,3,12,14,6,1,2,'0000185','local'),(11532,'MM  Materials Configuration OC01  Shopping Organizations: Botones en español','2017-05-26','2017-05-29','2017-05-29',13,3,12,14,6,1,2,'0000184','local'),(11533,'MM  Materials Configuration XKN1  Suppliser Range: botones en español y mensaje en español','2017-05-26','2017-05-29','2017-05-29',13,3,12,14,6,1,2,'0000183','local'),(11534,'MM  Materials Configuration XKG-Accounts Groups Supplisers: Boton y mensaje en español','2017-05-26','2017-05-29','2017-05-29',13,3,12,14,6,1,2,'0000182','local'),(11535,'\"\"MM  Materials Configuration CT03  Feature query: botones y palabra \"\"\"\"Escribe\"\"\"\"\"\"','2017-05-26','2017-05-29','2017-05-29',13,3,12,14,6,1,2,'0000181','local'),(11536,'MM  Materials Configuration CNT8  Center Feature: Botones superiores en español y mensaje de confirmación en español','2017-05-26','2017-05-29','2017-05-29',13,3,12,14,6,1,2,'0000180','local'),(11537,'MM  Materials SKUs MM03  Select SKU:Botones superiores en español','2017-05-26','2017-05-29','2017-05-29',13,3,12,14,6,1,2,'0000179','local'),(11538,'','2017-05-26','2017-05-26','2017-05-26',13,3,12,14,6,1,2,'0000178','local'),(11539,'SD  Sales Configuration GPV8 Sales Group: Mensaje de confirmacion en español','2017-05-26','2017-05-26','2017-05-26',13,3,12,14,6,1,2,'0000177','local'),(11540,'SD  Sales Configuration CND8 Distribution Channel: Mensaje de confirmacion en español','2017-05-26','2017-05-26','2017-05-26',13,3,12,14,6,1,2,'0000176','local'),(11541,'SD  Sales Configuration ORV8  Sales Organizacion: Mensaje de confirmacion en español','2017-05-26','2017-05-26','2017-05-26',13,3,12,14,6,1,2,'0000175','local'),(11542,'SD  Sales Configuration VOV8-Document Class: Mensaje de confirmacion en español','2017-05-26','2017-05-26','2017-05-26',13,3,12,14,6,1,2,'0000174','local'),(11543,'\"\"IM - Inventory Inventory MMBE  Summary Stocks:  Cen / Alm / Lot: Tiene la palabra \"\"\"\"escribe\"\"\"\"\"\"','2017-05-25','2017-05-25','2017-05-25',13,3,12,14,6,1,2,'0000173','local'),(11544,'\"\"IM - Inventory MRP ZMMORDCOM-MRP: Tiene la palabra \"\"\"\"Escribe\"\"\"\" y una palabra en español\"\"','2017-05-25','2017-05-25','2017-05-25',13,3,12,14,6,5,2,'0000172','local'),(11545,'IM - Inventory Inventory Physical Inventory ZIF_CAPTURA -Physical Inventory: Tiene  la palabra Escribe','2017-05-25','2017-05-25','2017-05-25',13,3,12,14,6,1,2,'0000171','local'),(11546,'\"\"IM - Inventory Inventory Physical Inventory ZIF_CAPTURAFINAL-Physical Inventory: Tiene  la palabra Escribe\"\"\"\"\"\"','2017-05-25','2017-05-25','2017-05-25',13,3,12,14,6,1,2,'0000170','local'),(11547,'\"\"IM - Inventory Inventory Reports IM ZIF_CARGALISTADO  Inventory Layouts: Tiene la palabra \"\"\"\"Escribe\"\"\"\"\"\"','2017-05-25','2017-05-25','2017-05-25',13,3,12,14,6,1,2,'0000169','local'),(11548,'IM - Inventory Inventory MIGO- Goods Movements: Los campos de los datos están desacomodados','2017-05-25','2017-05-25','2017-05-25',13,3,12,14,6,1,2,'0000168','local'),(11549,'IM - Inventory Inventory MMPV -SKU Master Period Offset :Aparece la palabra Escribe dentro de los campos.','2017-05-25','2017-05-25','2017-05-25',13,3,12,14,6,1,2,'0000167','local'),(11550,'FICO Finances Configuration FP01  Payment Methods: Mensaje de error no adeacuado','2017-05-23',NULL,NULL,15,3,12,14,5,1,1,'0000166','local'),(11551,'MM-Materials Purchasing Documents ME21N-Insert Purchase Order : No se puede insertar el registro','2017-05-19',NULL,NULL,15,3,12,14,5,1,1,'0000165','local'),(11552,'FICO- Finances Debtors FD31-Update Credit: Mensaje de confirmación guardado en español','2017-05-15',NULL,NULL,15,3,12,14,5,1,1,'0000164','local'),(11553,'FICO- Finances Configuration BNKA-Banks: mensaje en español','2017-05-15',NULL,NULL,15,3,12,14,5,1,1,'0000163','local'),(11554,'BASIS- Configuration Users SU01- Users: Pestañas en español','2017-05-15',NULL,NULL,15,3,12,14,5,1,1,'0000162','local'),(11555,'BASIS- Configuration Configuration AE01- Insert General Data: Etiquetas en español','2017-05-15',NULL,NULL,15,3,12,14,5,1,1,'0000161','local'),(11556,'MM-Materials Purchasing Documents ME21N-Insert Purchase Order: Mensajes de error y encabezado en español','2017-05-15',NULL,NULL,15,3,12,14,5,1,1,'0000160','local'),(11557,'MM-Materials Condition Records MEK2- Update Condition Record : Mensaje de error en Español','2017-05-15',NULL,NULL,15,3,12,14,5,1,1,'0000159','local'),(11558,'MM-Materials Condition Records MEK1- Insert Condition  Record: mensaje de error en español','2017-05-15',NULL,NULL,15,3,12,14,5,1,1,'0000158','local'),(11559,'MM- Materials supplier XK02- Update Supplier: Mensaje de Confirmación en Español y encabezados','2017-05-15',NULL,NULL,15,3,12,14,5,1,1,'0000157','local'),(11560,'MM- Materials Supplier XK01- Insert Supplier: Mensaje de confirmación en español','2017-05-15',NULL,NULL,15,3,12,14,5,1,1,'0000156','local'),(11561,'MM- Materials Configuration TRNF01-Invoice Ranges: Mensaje en español','2017-05-15',NULL,NULL,15,3,12,14,5,1,1,'0000155','local'),(11562,'MM- Materials Configuration TRNOCA01-Purchase Order Ranges: Mensaje en español','2017-05-15',NULL,NULL,15,3,12,14,5,1,1,'0000154','local'),(11563,'MM- Materials Configuration XKN1- Supplisers Range: Mensaje de confirmación en español','2017-05-12',NULL,NULL,15,3,12,14,5,1,1,'0000153','local'),(11564,'MM- Materials Configuration XKGP-Accounts Groups Suppliers: Mensaje de confirmación en español','2017-05-12',NULL,NULL,15,3,12,14,5,1,1,'0000152','local'),(11565,'MM- Materials Configuration CT03- Feature Query : Mensaje en español','2017-05-12',NULL,NULL,15,3,12,14,5,1,1,'0000151','local'),(11566,'MM- Materials Configuration CT01 insert Feature:mensaje en español','2017-05-12',NULL,NULL,15,3,12,14,5,1,1,'0000150','local'),(11567,'MM- Materials Configuration CT02-Update Feature :Mensaje de confirmación en español','2017-05-12',NULL,NULL,15,3,12,14,5,1,1,'0000149','local'),(11568,'MM- Materials Configuration CT01 insert Feature: Mensaje en confirmación en español','2017-05-12',NULL,NULL,15,3,12,14,5,1,1,'0000148','local'),(11569,'MM- Materials Configuration CNT8 -Center: mensaje de confirmación en español','2017-05-12',NULL,NULL,15,3,12,14,5,1,1,'0000147','local'),(11570,'MM- Materials SKUs MM02-Update SKU: Mensaje de confirmación en español al momento de guardar y botón de encabezado en español','2017-05-12','2017-05-29','2017-05-29',13,3,12,14,6,1,2,'0000146','local'),(11571,'MM-Materials SKUs MM01-Insert SKU: mensaje de confirmación esta en español y etiquetas superiores en español','2017-05-12','2017-05-29','2017-05-29',13,3,12,14,6,1,2,'0000145','local'),(11572,'MM- Materials SKUs MM02-Update SKU: Etiqueta en español','2017-05-12',NULL,NULL,15,3,12,14,5,1,1,'0000144','local'),(11573,'IM- Inventory MRP ZMMORDCOM-MRP: Etiquetas en español','2017-05-12',NULL,NULL,15,3,12,14,5,1,1,'0000143','local'),(11574,'IM- Inventory Inventory Summary Stocks:Cen/Alm/Lot: Combos Vacios','2017-05-11','2017-05-12','2017-05-12',13,3,12,14,6,1,2,'0000142','local'),(11575,'IM- Inventory Inventory MIGO- Goods Movements:Combo Vacio','2017-05-11',NULL,NULL,15,3,12,14,5,1,1,'0000141','local'),(11576,'IM- Inventory Inventory MIGO- Goods Movements: mensaje de error en español','2017-05-11','2017-05-11','2017-05-11',15,3,12,14,6,1,7,'0000140','local'),(11577,'IM- Inventory Inventory MIGO- Goods Movements: etiquetas de encabezado en español','2017-05-11','2017-05-29','2017-05-29',13,3,12,14,6,1,2,'0000139','local'),(11578,'FICO- Finances Creditors F-53-Payments Records for Creditors: Hay una etiqueta en español','2017-05-11',NULL,NULL,19,3,12,14,1,1,3,'0000138','local'),(11579,'FICO- Finances Debtors CORTEX-CU X: Etiquetas en español.','2017-05-11',NULL,NULL,20,3,12,14,6,1,1,'0000137','local'),(11580,'FICO- Finances Debtors CORTEZ-CU Z: Etiquetas en español','2017-05-11',NULL,NULL,20,3,12,14,6,1,1,'0000136','local'),(11581,'FICO- Finances Debtors FD31-Insert Credit: El mensaje de confirmacion al guardar esta en español','2017-05-10','2017-05-29','2017-05-29',13,3,12,14,6,1,2,'0000135','local'),(11582,'FICO-Finances Debtors F-28-Payments Records for Debtors: El input no acepta un monto','2017-05-10','2017-05-11','2017-05-11',15,3,12,14,6,1,7,'0000134','local'),(11583,'FICO- Finances Configuration BNKA-Banks:Permite insertar caracteres raros','2017-05-10','2017-05-15','2017-05-15',19,3,12,14,7,1,2,'0000133','local'),(11584,'FICO- Finances Configuration TCLDR-References:','2017-05-10','2017-05-11','2017-05-11',19,3,12,14,6,1,7,'0000132','local'),(11585,'FICO- Finances Configuration ZCAJA-Box catalog	 permite inserción de caracteres raros','2017-05-10','2017-05-15','2017-05-15',15,3,12,14,7,1,2,'0000131','local'),(11586,'FICO- Finances Configuration BNKA-Banks: Encabezado en Español','2017-05-10','2017-05-11','2017-05-11',19,3,12,14,6,1,2,'0000130','local'),(11587,'FICO- Finances Configuration TCLDR-References: Encabezado en Español','2017-05-10','2017-05-11','2017-05-11',19,3,12,14,6,1,2,'0000129','local'),(11588,'FICO- Finances Configuration TC01-Exchance rate: Encabezado en español','2017-05-10','2017-05-11','2017-05-11',19,3,12,14,6,1,2,'0000128','local'),(11589,'FICO- Finances Configuration FP01- Payment Methods: Encabezado en Español','2017-05-10','2017-05-11','2017-05-11',19,3,12,14,6,1,2,'0000127','local'),(11590,'FICO- Finances Configuration TC01-Exchance rate: se pueden insertar caracteres raros','2017-05-10','2017-05-15','2017-05-15',19,3,12,14,7,1,2,'0000126','local'),(11591,'FICO- Finances Configuration TC01-Exchance rate: No se actualiza con Enter','2017-05-10','2017-05-11','2017-05-11',19,3,12,14,6,1,7,'0000125','local'),(11592,'FICO- Finances Configuration FP01- Payment Methods: Se puede insertar cualquier carácter raro','2017-05-10','2017-05-15','2017-05-15',19,3,12,14,7,1,2,'0000124','local'),(11593,'','2017-05-10','2017-05-15','2017-05-15',19,3,12,14,7,1,2,'0000123','local'),(11594,'FICO- Finances Configuration SOC8-Company: Mensaje de confirmacion en español','2017-05-10',NULL,NULL,15,3,12,14,5,1,1,'0000122','local'),(11595,'FICO- Finances Configuration SOC8-Company: Se puede actualizar con caracteres raros','2017-05-10','2017-05-15','2017-05-15',19,3,12,14,7,1,2,'0000121','local'),(11596,'BASIS- Configuration Users SU01- Users: permite actualizar y insertar caracteres raros','2017-05-10','2017-05-16','2017-05-16',15,3,12,14,7,1,2,'0000120','local'),(11597,'BASIS- Configuration Users SU01- Users: Pestañas en español','2017-05-10',NULL,NULL,15,3,12,14,5,1,1,'0000119','local'),(11598,'BASIS- Configuration Users RO01- Roles: inserción de cualquier carácter raro','2017-05-10','2017-05-15','2017-05-15',15,3,12,14,7,1,2,'0000118','local'),(11599,'BASIS- Configuration Users GR03- Select Authorization Groups: No hay una barra Scroll','2017-05-10','2017-05-11','2017-05-11',15,3,12,14,6,1,7,'0000117','local'),(11600,'BASIS- Configuration Users GR02- Update  Authorization Groups: se pueden insertar caracteres raros','2017-05-10','2017-05-16','2017-05-16',15,3,12,14,7,1,2,'0000116','local'),(11601,'BASIS- Configuration Users GR01- Insert Authorization Groups: se pueden insertar caracteres raros','2017-05-10','2017-05-16','2017-05-16',15,3,12,14,7,1,2,'0000115','local'),(11602,'BASIS- Configuration Users DP01- Departments: Se permiten insertar caracteres raros','2017-05-10','2017-05-16','2017-05-16',15,3,12,14,7,1,2,'0000114','local'),(11603,'BASIS- Configuration Users TU01-User Types: se permite ingresar caracteres raros','2017-05-10','2017-05-15','2017-05-15',15,3,12,14,7,1,2,'0000113','local'),(11604,'BASIS- Configuration Users FN01- Functions: Permite insertar cualquier caracter raro','2017-05-10','2017-05-16','2017-05-16',15,3,12,14,7,1,2,'0000112','local'),(11605,'BASIS- Configuration Configuration AE02-Update General Data: Se permite actualizar con caracteres raros','2017-05-10','2017-05-16','2017-05-16',15,3,12,14,7,1,2,'0000111','local'),(11606,'BASIS- Configuration Configuration LOG03-View Log: Mensaje de aviso esta en español.','2017-05-09',NULL,NULL,15,3,12,14,5,1,1,'0000110','local'),(11607,'BASIS- Configuration Users ZRESPALDO-Backup Database: Cambiar el mensaje de exito','2017-05-09',NULL,NULL,15,3,12,14,5,1,1,'0000109','local'),(11608,'BASIS- Configuration Configuration AE03-Select General Data: Falta la etiqueta o pestaña Configuración JOBS','2017-05-09',NULL,NULL,15,3,12,14,5,1,1,'0000108','local'),(11609,'MM-Materials Reports ZMM_REPCOMPRAS Purchasing Reports: etiquetas en español','2017-05-09','2017-05-15','2017-05-15',14,3,12,14,7,1,2,'0000107','local'),(11610,'MM-Materials Reports ZMM_REPCOMPRAS Purchasing Reports: etiqueta periodo esta en español','2017-05-09','2017-05-11','2017-05-11',19,3,12,14,6,1,2,'0000106','local'),(11611,'MM-Materials Purchasing Documents ME21N-Insert Purchase Order: Hay etiquetas en español','2017-05-09','2017-05-11','2017-05-11',19,3,12,14,6,1,2,'0000105','local'),(11612,'MM-Materials Purchasing Documents ME21N-Insert Purchase Order: mensaje de error en español','2017-05-09','2017-05-11','2017-05-11',19,3,12,14,6,1,7,'0000104','local'),(11613,'MM-Materials Condition Records MEK2- Update Condition Record: mensaje de error en español','2017-05-09','2017-05-11','2017-05-11',19,3,12,14,6,1,5,'0000103','local'),(11614,'','2017-05-09','2017-05-11','2017-05-11',19,3,12,14,6,1,7,'0000102','local'),(11615,'MM- Materials supplier XK02- Update Supplier: El mensaje de confirmación de guardar esta en español.','2017-05-09','2017-05-11','2017-05-11',19,3,12,14,6,1,7,'0000101','local'),(11616,'MM-Materials Configuration CT03- Feature Query: leyenda de error en español','2017-05-09','2017-05-11','2017-05-11',19,3,12,14,6,1,7,'0000100','local'),(11617,'Al Cerrar la aplicación','2017-05-09','2017-05-11','2017-05-11',20,3,12,14,6,1,7,'0000099','local'),(11618,'MM-Materials: para todos los combos del modulo de MM-Materials','2017-05-09','2017-05-11','2017-05-11',19,3,12,14,6,1,7,'0000098','local'),(11619,'MM-Materials Batch Management MSC1N- Insert batch management: al insertar actualiza uno existente','2017-05-09','2017-05-11','2017-05-11',19,3,12,14,6,1,7,'0000097','local'),(11620,'MM-Materials Batch Management MSC3N- select batch management: La búsqueda la realiza solo una vez','2017-05-09','2017-05-11','2017-05-11',19,3,12,14,6,1,7,'0000096','local'),(11621,'','2017-05-09','2017-05-11','2017-05-11',19,3,12,14,6,1,7,'0000095','local'),(11622,'MM-Materials Reports ZMM_REPCOMPRAS Purchasing Reportssale:sale como error con una leyenda','2017-05-09','2017-05-15','2017-05-15',19,3,12,14,7,1,2,'0000094','local'),(11623,'MM-Materials Reports ZMM_REPCOMPRAS Purchasing Reports: sale una Exception a la seleccion de Reporte Lento de Movimiento','2017-05-09','2017-05-15','2017-05-15',14,3,12,14,7,1,2,'0000093','local'),(11624,'MM-Materials Reports ZMM_REPCOMPRAS Purchasing Reports: sale una Exception para reporte Punto de Reo','2017-05-09','2017-05-11','2017-05-11',15,3,12,14,6,1,2,'0000092','local'),(11625,'MM-Materials Reports ZMM_REPCOMPRAS Purchasing Reports: sale una Exception para Backlog de Compras','2017-05-09','2017-05-15','2017-05-15',19,3,12,14,7,1,2,'0000091','local'),(11626,'MM-Materials Reports ZMM_REPCOMPRAS Purchasing Reports: sale una Exception  cuando la seleccion es Estado de Cuenta','2017-05-09','2017-05-15','2017-05-15',14,3,12,14,7,1,2,'0000090','local'),(11627,'','2017-05-08','2017-05-11','2017-05-11',19,3,12,14,6,1,7,'0000089','local'),(11628,'MM-Materials Purchasing Documents ME22N-Select Purchase Order: no se puede hacer una busquedas','2017-05-08','2017-05-11','2017-05-11',15,3,12,14,6,1,5,'0000088','local'),(11629,'MM-Materials Purchasing Documents ME22N-Update Purchase Order: no se puede actualizar','2017-05-08','2017-05-15','2017-05-15',15,3,12,14,7,1,2,'0000087','local'),(11630,'MM-Materials Purchasing Documents ME21N-Insert Purchase Order: no se pueden hacer las inserciones','2017-05-08','2017-05-11','2017-05-11',15,3,12,14,6,1,7,'0000086','local'),(11631,'MM-Materials Condition Records MEK1- Insert Condition  Record: no se pueden hacer inserciones','2017-05-08','2017-05-11','2017-05-11',15,3,12,14,6,1,7,'0000085','local'),(11632,'MM-Materials Information Registration ME12-Update Purchasing Information Record:','2017-05-08','2017-05-11','2017-05-11',15,3,12,14,6,1,7,'0000084','local'),(11633,'MM- Materials Information Registration ME11 Insert Purchasing Information Record: Permite insertar caracteres raros','2017-05-08','2017-05-16','2017-05-16',15,3,12,14,7,1,2,'0000083','local'),(11634,'MM- Materials Suppliers XK06  Request Delete Suppliers: No elimina registros','2017-05-08','2017-05-11','2017-05-11',15,3,12,14,6,1,7,'0000082','local'),(11635,'','2017-05-08','2017-05-11','2017-05-11',15,3,12,14,6,1,7,'0000081','local'),(11636,'MM- Materials supplier XK02- Update Supplier: los contactos no se muestran','2017-05-08','2017-05-11','2017-05-11',15,3,12,14,6,1,7,'0000080','local'),(11637,'MM- Materials supplier XK02- Update Supplier : se pueden insertar caracteres raros','2017-05-08','2017-05-15','2017-05-15',15,3,12,14,7,1,2,'0000079','local'),(11638,'MM- Materials Supplier XK01- Insert Supplier No se pueden insertar registros.','2017-05-08','2017-05-11','2017-05-11',15,3,12,14,6,1,7,'0000078','local'),(11639,'MM-Materials Configuration ZMMTABPAR-Configuration Parameters: permite cualquier carácter','2017-05-05','2017-05-15','2017-05-15',15,3,12,14,7,1,2,'0000077','local'),(11640,'MM-Materials Configuration TRNF01-Invoice Ranges: permite ingresar caracteres raros','2017-05-05','2017-05-16','2017-05-16',15,3,12,14,7,1,2,'0000076','local'),(11641,'MM-Materials Configuration TRNOCA01-Purchase Order Ranges: permite ingresar cualquier caracter raro','2017-05-05','2017-05-16','2017-05-16',15,3,12,14,7,1,2,'0000075','local'),(11642,'MM-Materials Configuration MMDC- Classes Purchasing Document: se pueden insertar caracteres raros','2017-05-05','2017-05-16','2017-05-16',15,3,12,14,7,1,2,'0000074','local'),(11643,'MM-Materials Configuration GRC8-Shopping Groups: permite ingresar caracteres raros','2017-05-05','2017-05-16','2017-05-16',15,3,12,14,7,1,2,'0000073','local'),(11644,'MM-Materials Configuration  AL8-Warehouse: permite ingresar caracteres raros','2017-05-05','2017-05-15','2017-05-15',15,3,12,14,7,1,2,'0000072','local'),(11645,'MM-Materials Configuration OC01- Shopping Organización: permite registros duplicados','2017-05-05','2017-05-11','2017-05-11',15,3,12,14,6,1,7,'0000071','local'),(11646,'MM-Materials Configuration OC01- Shopping Organización: me permite ingresar cual carácter raro','2017-05-05','2017-05-16','2017-05-16',15,3,12,14,7,1,2,'0000070','local'),(11647,'MM-Materials Configuration XKN1- Supplisers Range: Permite caracteres raros','2017-05-05','2017-05-16','2017-05-16',15,3,12,14,7,1,2,'0000069','local'),(11648,'MM-Materials Configuration XKGP-Accounts Groups Suppliers: Permite cualquier caracter raro','2017-05-05','2017-05-15','2017-05-15',19,3,12,14,7,1,2,'0000068','local'),(11649,'MM-Materials Configuration  CT02-Update Feature: no se actualizan los datos con el cursor encima','2017-05-05','2017-05-11','2017-05-11',15,3,12,14,6,1,7,'0000067','local'),(11650,'MM-Materials Configuration CT01 insert Feature: no puede actualizarse un nulo','2017-05-05','2017-05-11','2017-05-11',15,3,12,14,6,1,7,'0000066','local'),(11651,'MM-Materials Configuration CT01 insert Feature: no se guardan los datos','2017-05-05','2017-05-11','2017-05-11',15,3,12,14,6,1,7,'0000065','local'),(11652,'MM-Materials Configuration CT01 insert Feature: No me permite cerrar la pestaña Insert Feature','2017-05-05','2017-05-11','2017-05-11',15,3,12,14,6,1,7,'0000064','local'),(11653,'MM-Materials Configuration CNT8 -Center: se guarda con campos vacios','2017-05-05','2017-05-11','2017-05-11',15,3,12,14,6,1,7,'0000063','local'),(11654,'MM-Materials Configuration CNT8 -Center: actualiza un registro existente','2017-05-05','2017-05-11','2017-05-11',15,3,12,14,6,1,7,'0000062','local'),(11655,'MM-Materials Configuration CNT8 -Center: acepta caracteres raros','2017-05-05','2017-05-16','2017-05-16',15,3,12,14,7,1,2,'0000061','local'),(11656,'MM-Materials MM01-Update SKU campo:*Alternative measure hasta *Weight unit','2017-05-05','2017-05-11','2017-05-11',15,3,12,14,6,1,7,'0000060','local'),(11657,'','2017-05-05','2017-05-11','2017-05-11',15,3,12,14,6,1,7,'0000059','local'),(11658,'MM-Materials     MM01-Update SKU  campo: \'Profit Center\'','2017-05-05','2017-05-26','2017-05-26',15,3,12,14,7,1,7,'0000058','local'),(11659,'MM-Materials   MM01-Update SKU campos: Block  y   Old material number','2017-05-05','2017-05-11','2017-05-11',15,3,12,14,6,1,7,'0000057','local'),(11660,'MM-Materials        MM01-Update SKU   campo Distribution channel no se puede editar','2017-05-05','2017-05-11','2017-05-11',15,3,12,14,6,1,7,'0000056','local'),(11661,'MM- Materials        MM01-Insert SKU','2017-05-05','2017-05-11','2017-05-11',15,3,12,14,6,1,7,'0000055','local'),(11662,'Al editar cliente desde subastas-cliente pide requeridos los campos de la pestaña subastas pero no los marca como requeridos','2016-11-11','2016-11-15','2016-11-15',21,3,13,16,7,5,2,'0000046','local'),(11663,'Error en modulo materiales se descuadra tabla al poner descripción muy larga','2016-11-11','2016-11-11','2016-11-11',21,3,13,16,7,5,6,'0000045','local'),(11664,'Error al Editar materiales desde módulo materiales','2016-11-11','2016-11-23','2016-11-23',21,2,13,16,7,5,2,'0000044','local'),(11665,'Error no edita datos de cliente','2016-11-10','2016-11-15','2016-11-15',21,4,13,16,7,5,2,'0000043','local'),(11666,'En el módulo de subastas-Materiales al crear lote con descripción muy larga se descuadra la tabla','2016-11-10',NULL,NULL,21,3,13,16,5,5,1,'0000042','local'),(11667,'','2016-11-10','2016-11-16','2016-11-16',22,3,13,17,7,5,2,'0000041','local'),(11668,'','2016-11-10','2016-11-16','2016-11-16',22,3,13,17,7,5,2,'0000040','local'),(11669,'Error al crear cliente nuevo abre datos de cliente creado previamente.','2016-11-10','2016-11-17','2016-11-17',22,3,13,17,7,5,2,'0000039','local'),(11670,'Duplicidad de registros al crear cliente nuevo','2016-11-09','2016-11-17','2016-11-17',21,3,13,17,7,5,2,'0000038','local'),(11671,'Marcar como requeridos los campos de Datos Factura al agregar un cliente','2016-11-09','2016-11-23','2016-11-23',22,2,13,17,7,5,2,'0000037','local'),(11672,'No se puede quitar materiales asignados a una subasta desde el módulo de subastas - materiales','2016-11-09','2017-05-11','2017-05-11',22,3,13,17,6,5,7,'0000036','local'),(11673,'Falta acción Editar en Datos de fcatura al agregar un cliente','2016-11-09',NULL,NULL,22,3,13,16,5,5,1,'0000035','local'),(11674,'Falta acento en LogIn cuando la contraseña es incorrecta y manda mensaje de error','2016-11-09','2016-11-10','2016-11-10',22,2,13,16,7,5,2,'0000034','local'),(11675,'Error en catálogos campo Acciones contextuales tiene botón de ordenar','2016-11-09','2016-11-10','2016-11-10',23,2,13,16,7,5,2,'0000033','local'),(11676,'Error falta acentuación en mensaje de item existente en catálogos','2016-11-08','2016-11-10','2016-11-10',22,2,13,16,7,5,2,'0000032','local'),(11677,'Error sintaxis en mensaje confirmación al devolver materiales a SAP','2016-11-08','2016-11-17','2016-11-17',22,2,13,16,7,5,2,'0000031','local'),(11678,'Error ortografía en mensaje al quitar materiales de subasta sin seleccionar materiales','2016-11-08','2016-11-09','2016-11-09',22,2,13,16,7,5,2,'0000030','local'),(11679,'Faltan acentos en mensaje error al quitar materiales de subasta al seleccionar materiales con estatus disponible','2016-11-08','2016-11-23','2016-11-23',22,2,13,17,7,5,2,'0000029','local'),(11680,'Falta acento en mensaje de error al asignar materiales a subasta sin seleccionar materiales','2016-11-08','2016-11-23','2016-11-23',22,2,13,17,7,5,2,'0000028','local'),(11681,'Error al crear lote de dos lotes existentes con lote asignado.','2016-11-08',NULL,NULL,10,3,13,17,5,5,1,'0000027','local'),(11682,'Error al dar click en ícono ordenar de  cualquier campo en módulo de materiales','2016-11-08','2016-11-09','2016-11-09',21,2,13,16,7,5,2,'0000026','local'),(11683,'Error al guardar usuario sin Rol','2016-11-08','2016-11-09','2016-11-09',21,2,13,16,7,5,2,'0000025','local'),(11684,'Error al agregar usuario sin asignarle Rol ni Puesto','2016-11-08','2016-11-09','2016-11-09',21,3,13,16,7,5,2,'0000024','local'),(11685,'','2016-10-20',NULL,NULL,24,3,14,17,5,5,1,'0000023','local'),(11686,'','2016-10-20',NULL,NULL,24,3,14,17,5,5,1,'0000022','local'),(11687,'Vista Campo Región incompleta_Catálogo Región','2016-10-20',NULL,NULL,24,3,14,17,5,5,1,'0000021','local'),(11688,'Sin campo de búsqueda de dominio en vista Smart Phone','2016-10-20',NULL,NULL,24,3,14,17,5,5,1,'0000020','local'),(11689,'Modificación de nacionalidad en Datos generales','2016-10-07','2016-10-17','2016-10-17',25,3,15,17,7,5,2,'0000019','local'),(11690,'Validación de Genero en CURP en Captura de datos generales_cliente enrolado','2016-10-05','2016-10-27','2016-10-27',25,3,15,17,7,5,2,'0000018','local'),(11691,'Validación de Genero en CURP en Captura de datos generales','2016-09-29','2016-10-17','2016-10-17',25,3,15,17,7,5,2,'0000017','local'),(11692,'Notificación de estado de cuenta a correo electrónico','2016-09-22','2016-10-17','2016-10-17',25,3,15,17,7,5,2,'0000016','local'),(11693,'','2016-09-21','2016-10-27','2016-10-27',25,2,15,17,7,5,2,'0000015','local'),(11694,'Captura de referencia_Validación de Teléfono con lada','2016-09-21','2016-10-17','2016-10-17',25,3,15,17,7,5,2,'0000014','local'),(11695,'Datos básicos del trabajador_Validación de NSS','2016-09-21','2016-10-17','2016-10-17',25,3,15,17,7,5,2,'0000013','local'),(11696,'Error al recibir notificación a correo electrónico de envío de solicitud','2016-08-26','2016-10-17','2016-10-17',26,4,16,17,7,5,2,'0000010','local'),(11697,'Error al realizar búsqueda con filtro rango de fechas','2016-08-19','2016-10-17','2016-10-17',26,4,16,17,7,5,2,'0000009','local'),(11698,'Modificar el plazo con uno mayor al actual','2016-08-16',NULL,NULL,26,4,16,17,5,6,1,'0000008','local'),(11699,'Modificación de unidades  a un número mayor a las actuales','2016-08-16','2016-10-17','2016-10-17',26,4,16,17,7,6,2,'0000007','local'),(11700,'Error al enviar solicitud','2016-08-15','2016-10-17','2016-10-17',26,4,16,17,7,5,2,'0000006','local'),(11701,'Falta botón Aprobar Fondeo e Incompleto Fondeo','2016-08-15','2016-10-17','2016-10-17',26,4,16,17,7,6,2,'0000005','local'),(11702,'Sin solicitud de información faltante en registro incompleto','2016-08-15','2016-10-17','2016-10-17',26,4,16,17,7,6,2,'0000004','local'),(11703,'Sin mensaje de confirmación al rechazo de solicitud','2016-08-15','2016-10-17','2016-10-17',26,4,16,17,7,6,2,'0000002','local'),(11704,'Redireccionamiento incorrecto al salir del módulo de contratador y cotizaciones.','2017-08-25',NULL,NULL,28,2,17,27,5,2,1,'0000331','local'),(11705,'No se muestra correctamente el modelo del vehículo.','2017-08-25',NULL,NULL,28,3,17,27,5,5,1,'0000330','local'),(11706,'Se muestra un mensaje de error cuando se guarda una cotización de una unidad de tipo Seminueva.','2017-08-25',NULL,NULL,28,3,17,27,5,5,1,'0000325','local'),(11707,'No se puede Imprimir algunas plantillas listadas.','2017-08-24',NULL,NULL,28,4,17,27,5,6,1,'0000317','local'),(11708,'Corrección de redacción en el Contrato CD Póliza corredor parte 2','2017-08-23',NULL,NULL,28,4,17,27,1,4,3,'0000312','local'),(11709,'Corrección de redacción en el Contrato CD Póliza corredor parte 1','2017-08-22',NULL,NULL,28,4,17,27,1,4,3,'0000311','local'),(11710,'Se coloca valor por default al no definir avales en la cotización.','2017-08-22','2017-08-24','2017-08-24',28,3,17,27,7,5,2,'0000310','local'),(11711,'Se coloca valor por default al no definir avales en la cotización.','2017-08-22','2017-08-23','2017-08-23',28,3,17,27,7,5,2,'0000309','local'),(11712,'Se coloca valor por default al no definir avales en la cotización.','2017-08-22','2017-08-23','2017-08-23',28,3,17,27,7,5,2,'0000308','local'),(11713,'No está colocando el nombre del cliente en la plantilla CONTRATO COMPLETO RATIFICACION cuando no tienen el apellido materno.','2017-08-22','2017-08-24','2017-08-24',28,3,17,27,7,7,2,'0000307','local'),(11714,'','2017-08-22','2017-08-24','2017-08-24',28,2,17,27,7,3,2,'0000306','local'),(11715,'Error de formato en el mensaje SMS de código de registro VC y PC.','2017-08-17',NULL,NULL,29,2,18,27,1,3,3,'0000300','local'),(11716,'Correos: Errores en formato del correo Confirmación de Código para VC.','2017-08-17','2017-08-18','2017-08-18',29,2,18,27,7,3,2,'0000297','local'),(11717,'Se repite palabra en el primer párrafo del correo Confirmación de Código tanto para PC y VC.','2017-08-16','2017-08-18','2017-08-18',29,2,18,27,7,3,2,'0000296','local');
/*!40000 ALTER TABLE `quality_issue` ENABLE KEYS */;
UNLOCK TABLES;

--
-- Table structure for table `quality_issueinput`
--

DROP TABLE IF EXISTS `quality_issueinput`;
/*!40101 SET @saved_cs_client     = @@character_set_client */;
/*!40101 SET character_set_client = utf8 */;
CREATE TABLE `quality_issueinput` (
  `id` int(11) NOT NULL AUTO_INCREMENT,
  `ref` varchar(20) NOT NULL,
  `project` varchar(100) NOT NULL,
  `informer` varchar(100) NOT NULL,
  `assignee` varchar(100) NOT NULL,
  `priority` varchar(50) NOT NULL,
  `severity` varchar(50) NOT NULL,
  `reproducibility` varchar(50) DEFAULT NULL,
  `product` varchar(50) DEFAULT NULL,
  `category` varchar(50) DEFAULT NULL,
  `delivery_date` date DEFAULT NULL,
  `updated_date` date DEFAULT NULL,
  `resume` varchar(200) DEFAULT NULL,
  `status` varchar(50) DEFAULT NULL,
  `resolution` varchar(50) DEFAULT NULL,
  `process_id` int(11) NOT NULL,
  `comments` varchar(200) DEFAULT NULL,
  `result` int(11) NOT NULL,
  PRIMARY KEY (`id`),
  KEY `quality_issueinput_process_id_6d1b4b32_fk_quality_i` (`process_id`),
  CONSTRAINT `quality_issueinput_process_id_6d1b4b32_fk_quality_i` FOREIGN KEY (`process_id`) REFERENCES `quality_issueprocess` (`id`)
) ENGINE=InnoDB AUTO_INCREMENT=63282 DEFAULT CHARSET=utf8;
/*!40101 SET character_set_client = @saved_cs_client */;

--
-- Dumping data for table `quality_issueinput`
--

LOCK TABLES `quality_issueinput` WRITE;
/*!40000 ALTER TABLE `quality_issueinput` DISABLE KEYS */;
INSERT INTO `quality_issueinput` VALUES (61994,'0000331','CD con gastos de ratificación','david.montoya','ismael.flores','baja','trivial','siempre','','General','2017-08-25','2017-08-25','Redireccionamiento incorrecto al salir del módulo de contratador y cotizaciones.','asignada','abierta',83,'No existe el proyecto: CD con gastos de ratificación',1),(61995,'0000330','CD con gastos de ratificación','david.montoya','ismael.flores','normal','menor','siempre','','General','2017-08-25','2017-08-25','No se muestra correctamente el modelo del vehículo.','asignada','abierta',83,'No existe el proyecto: CD con gastos de ratificación',1),(61996,'0000329','iAcepta','juan.padilla','victor.hernandez','alta','mayor','siempre','','Funcionales','2017-08-25','2017-08-25','Se detecta que la propina cambia cuando se modifica el importe','resuelta','no es corregible',83,'Success',6),(61997,'0000328','BusBuilder - Chasis','Isaias.cortes','Isaias.cortes','normal','ajuste','siempre','','Look and Feel','2017-08-25','2017-08-25','En los Chasis de modelos OH se aprecia cortada el área de carrusel','resuelta','abierta',83,'Success',6),(61998,'0000327','BusBuilder - Chasis','Isaias.cortes','edgar.martinez','normal','ajuste','siempre','','Datos','2017-08-25','2017-08-25','Algunos campos de captura no se quedan registrados y otros en etiquetas simples se puede capturar','resuelta','abierta',83,'Success',6),(61999,'0000326','iAcepta','juan.padilla','christian.gonzalez','normal','menor','siempre','','Funcionales','2017-08-25','2017-08-25','Se detecta que el carrusel de los MSI es diferente al de IOS','asignada','abierta',83,'Success',6),(62000,'0000325','CD con gastos de ratificación','david.montoya','ismael.flores','normal','menor','siempre','','General','2017-08-25','2017-08-25','Se muestra un mensaje de error cuando se guarda una cotización de una unidad de tipo Seminueva.','asignada','abierta',83,'No existe el proyecto: CD con gastos de ratificación',1),(62001,'0000324','Plan de Acción - Móvil y Web','angel.pimentel','carlos.perez','alta','menor','a veces','','Funcionales','2017-08-25','2017-08-25','\"\"No aparece Icono \"\"\"\"Abierto\"\"\"\"\"\"','resuelta','corregida',83,'Success',6),(62002,'0000323','iAcepta','juan.padilla','juan.padilla','alta','mayor','siempre','','Funcionales','2017-08-25','2017-08-25','Se detecta que al intentar realizar un pago con una tarjeta de banda la app manda una alerta que la tarjeta tiene chip.','resuelta','corregida',83,'Success',6),(62003,'0000322','iAcepta','juan.padilla','luis.perez','normal','menor','a veces','','Funcionales','2017-08-25','2017-08-25','Se detecta que al realizar varios intentos con tarjetas inválidas la aplicación se traba','asignada','abierta',83,'Success',6),(62004,'0000321','iAcepta','juan.padilla','juan.padilla','alta','mayor','siempre','','Funcionales','2017-08-25','2017-08-25','Se detecta que un mensaje de error no tiene funcionalidad','cerrada','corregida',83,'Success',6),(62005,'0000320','iAcepta','juan.padilla','juan.padilla','normal','mayor','a veces','','Funcionales','2017-08-25','2017-08-25','Se detecta que sigue pidiendo de manera obligatoria encender la localización del dispositivo.','resuelta','corregida',83,'Success',6),(62006,'0000319','BusBuilder - Chasis','Isaias.cortes','edgar.martinez','alta','menor','siempre','','Funcionales','2017-08-24','2017-08-25','El modelo de Carrocería no coincide con el seleccionado','cerrada','corregida',83,'Success',6),(62007,'0000318','BusBuilder - Chasis','Isaias.cortes','edgar.martinez','alta','mayor','siempre','','Generales','2017-08-24','2017-08-25','Se contabiliza mal el cálculo del IVA y se Redondea','resuelta','abierta',83,'Success',6),(62008,'0000317','CD con gastos de ratificación','david.montoya','ismael.flores','alta','mayor','siempre','','General','2017-08-24','2017-08-24','No se puede Imprimir algunas plantillas listadas.','asignada','abierta',83,'No existe el proyecto: CD con gastos de ratificación',1),(62009,'0000316','Plan de Acción - Móvil y Web','angel.pimentel','carlos.perez','alta','menor','a veces','','Funcionales','2017-08-24','2017-08-25','Falta Validación en el modulo calendario','cerrada','corregida',83,'Success',6),(62010,'0000315','BusBuilder - Chasis','Isaias.cortes','edgar.martinez','alta','mayor','siempre','','Funcionales','2017-08-24','2017-08-27','Menu de Componentes sube hasta logo de MB','resuelta','abierta',83,'Success',6),(62011,'0000314','BusBuilder - Chasis','Isaias.cortes','edgar.martinez','alta','mayor','siempre','','Funcionales','2017-08-23','2017-08-27','Al seleccionar el motor no aparecen especificaciones','resuelta','abierta',83,'Success',6),(62012,'0000313','BusBuilder - Chasis','Isaias.cortes','edgar.martinez','urgente','bloqueo','a veces','','Funcionales','2017-08-23','2017-08-28','No carga Performance en ningún modelo de chasis','resuelta','abierta',83,'Success',6),(62013,'0000312','CD con gastos de ratificación','david.montoya','ismael.flores','alta','ajuste','siempre','','General','2017-08-23','2017-08-24','Corrección de redacción en el Contrato CD Póliza corredor parte 2','nueva','reabierta',83,'No existe el proyecto: CD con gastos de ratificación',1),(62014,'0000311','CD con gastos de ratificación','david.montoya','ismael.flores','alta','ajuste','no se ha intentado','','General','2017-08-22','2017-08-24','Corrección de redacción en el Contrato CD Póliza corredor parte 1','nueva','reabierta',83,'No existe el proyecto: CD con gastos de ratificación',1),(62015,'0000310','CD con gastos de ratificación','david.montoya','ismael.flores','normal','menor','siempre','','General','2017-08-22','2017-08-24','Se coloca valor por default al no definir avales en la cotización.','cerrada','corregida',83,'No existe el proyecto: CD con gastos de ratificación',1),(62016,'0000309','CD con gastos de ratificación','david.montoya','ismael.flores','normal','menor','siempre','','General','2017-08-22','2017-08-23','Se coloca valor por default al no definir avales en la cotización.','cerrada','corregida',83,'No existe el proyecto: CD con gastos de ratificación',1),(62017,'0000308','CD con gastos de ratificación','david.montoya','ismael.flores','normal','menor','siempre','','General','2017-08-22','2017-08-23','Se coloca valor por default al no definir avales en la cotización.','cerrada','corregida',83,'No existe el proyecto: CD con gastos de ratificación',1),(62018,'0000307','CD con gastos de ratificación','david.montoya','ismael.flores','normal','fallo','siempre','','General','2017-08-22','2017-08-24','No está colocando el nombre del cliente en la plantilla CONTRATO COMPLETO RATIFICACION cuando no tienen el apellido materno.','cerrada','corregida',83,'No existe el proyecto: CD con gastos de ratificación',1),(62019,'0000306','CD con gastos de ratificación','david.montoya','ismael.flores','baja','texto','siempre','','General','2017-08-22','2017-08-24','','cerrada','corregida',83,'No existe el proyecto: CD con gastos de ratificación',1),(62020,'0000305','iAcepta','juan.padilla','juan.padilla','alta','mayor','siempre','','Funcionales','2017-08-21','2017-08-24','Se detecta que al realizar un multipago con una tarjeta monedero naranja esta se procesa de forma correcta','resuelta','corregida',83,'Success',6),(62021,'0000304','iAcepta','juan.padilla','juan.padilla','alta','mayor','siempre','','Funcionales','2017-08-21','2017-08-24','Se detecta que al intentar procesar un pago con una tarjeta tipo monedero la aplicación se cierra dramáticamente.','resuelta','corregida',83,'Success',6),(62022,'0000303','iAcepta','juan.padilla','juan.padilla','normal','menor','siempre','','Funcionales','2017-08-18','2017-08-24','Se detecta que no permite regresarte atrás en el modulo de devolución y cancelación al no aceptar el permiso de ubicación','resuelta','corregida',83,'Success',6),(62023,'0000302','iAcepta','juan.padilla','juan.padilla','alta','mayor','a veces','','Funcionales','2017-08-17','2017-08-25','Se detecta que al rechazar el permiso de ubicación y seguir con el pago al momento de mostrar el Voucher te bota a ajustes','cerrada','corregida',83,'Success',6),(62024,'0000301','iAcepta','juan.padilla','juan.padilla','normal','menor','siempre','','Funcionales','2017-08-17','2017-08-25','Se detecta que al rechazar los permisos de ubicación al insertar el Walker la aplicación te regresa a la pagina anterior','cerrada','corregida',83,'Success',6),(62025,'0000300','Notificaciones','david.montoya','rafael.miranda','baja','texto','siempre','','General','2017-08-17','2017-08-18','Error de formato en el mensaje SMS de código de registro VC y PC.','nueva','reabierta',83,'No existe el proyecto: Notificaciones',1),(62026,'0000299','iAcepta','juan.padilla','juan.padilla','normal','menor','siempre','','Funcionales','2017-08-17','2017-08-25','Se detecta que al ingresar por primera vez en la app de iAcepta algunas etiquetas están fuera de posición','cerrada','corregida',83,'Success',6),(62027,'0000298','SIGB','Isaias.cortes','miguel.longinos','normal','menor','siempre','','Funcionales','2017-08-17','2017-08-17','Menu sigue siendo funcional aun con mensaje emergente','asignada','abierta',83,'Success',6),(62028,'0000297','Notificaciones','david.montoya','rafael.miranda','baja','texto','siempre','','General','2017-08-17','2017-08-18','Correos: Errores en formato del correo Confirmación de Código para VC.','cerrada','corregida',83,'No existe el proyecto: Notificaciones',1),(62029,'0000296','Notificaciones','david.montoya','rafael.miranda','baja','texto','no se ha intentado','','General','2017-08-16','2017-08-18','Se repite palabra en el primer párrafo del correo Confirmación de Código tanto para PC y VC.','cerrada','corregida',83,'No existe el proyecto: Notificaciones',1),(62030,'0000295','iAcepta','juan.padilla','juan.padilla','alta','mayor','a veces','','Funcionales','2017-08-16','2017-08-17','Se detecta que al no aceptar los permisos de ubicación y micrófono la aplicación se traba','cerrada','corregida',83,'Success',6),(62031,'0000294','iAcepta','juan.padilla','juan.padilla','alta','mayor','a veces','','Funcionales','2017-08-16','2017-08-16','Se detecta que se puede realizar un pago sin haber activado el micrófono y la localización','cerrada','corregida',83,'Success',6),(62032,'0000293','iAcepta','juan.padilla','juan.padilla','alta','mayor','siempre','','Funcionales','2017-08-16','2017-08-18','Se detecta que al negar los permisos necesarios para realizar un pago la flecha atrás pierde su función.','cerrada','corregida',83,'Success',6),(62033,'0000292','iAcepta','juan.padilla','juan.padilla','normal','menor','siempre','','Funcionales','2017-08-16','2017-08-17','Se detecta que al hacer un pago y seleccionar los MSI te da la opción de elegir hasta 24 meses','cerrada','corregida',83,'Success',6),(62034,'0000291','iAcepta','juan.padilla','juan.padilla','normal','menor','siempre','','Funcionales','2017-08-15','2017-08-24','Se detecta que el correo electrónico que se manda al realizar un pago no esta llegando de forma correcta la ubicación.','resuelta','corregida',83,'Success',6),(62035,'0000290','Plan de Acción - Móvil y Web','angel.pimentel','carlos.perez','alta','menor','a veces','','Funcionales','2017-08-15','2017-08-15','La visita creada no aparece en mis visitas','cerrada','corregida',83,'Success',6),(62036,'0000289','Plan de Acción - Móvil y Web','angel.pimentel','carlos.perez','alta','menor','a veces','','Funcionales','2017-08-15','2017-08-15','Se repite subrubro en el modulo calificación visita','cerrada','corregida',83,'Success',6),(62037,'0000288','iAcepta','juan.padilla','juan.padilla','normal','menor','a veces','','Funcionales','2017-08-14','2017-08-17','Se detecta que en ocasiones la aplicación se traba.','cerrada','corregida',83,'Success',6),(62038,'0000287','iAcepta','juan.padilla','christian.gonzalez','normal','menor','siempre','','Look and Feel','2017-08-14','2017-08-14','Se detecta que existen diferencias entre el tutorial de Android e IOS','nueva','reabierta',83,'Success',6),(62039,'0000286','iAcepta','juan.padilla','luis.perez','baja','menor','siempre','','Look and Feel','2017-08-14','2017-08-14','Se detecta que al cambiar la pantalla de horizontal a vertical una parte se muestra negra.','asignada','abierta',83,'Success',6),(62040,'0000285','iAcepta','juan.padilla','victor.hernandez','alta','mayor','siempre','','Funcionales','2017-08-14','2017-08-16','Se detecta que al realizar una devolución con datos no reales esta se aprueba','resuelta','no es una incidencia',83,'Success',6),(62041,'0000284','iAcepta','juan.padilla','victor.hernandez','normal','menor','a veces','','Funcionales','2017-08-14','2017-08-17','Se detecta que en ocaciones no se muestra el historial de las transacciones.','resuelta','no es corregible',83,'Success',6),(62042,'0000283','iAcepta','juan.padilla','victor.hernandez','alta','mayor','siempre','','Funcionales','2017-08-14','2017-08-16','','resuelta','no es una incidencia',83,'Success',6),(62043,'0000282','iAcepta','juan.padilla','victor.hernandez','alta','mayor','siempre','','Funcionales','2017-08-14','2017-08-25','Se detecta que no se puede hacer el pago.','asignada','abierta',83,'Success',6),(62044,'0000281','iAcepta','juan.padilla','juan.padilla','normal','menor','siempre','','Funcionales','2017-08-14','2017-08-17','Se detecta que no puedes ingresar en el importe un punto como inicio','cerrada','corregida',83,'Success',6),(62045,'0000280','iAcepta','juan.padilla','luis.perez','normal','menor','siempre','','Funcionales','2017-08-11','2017-08-16','Se detecta que el contador de los meses pasa de 0 a 12 cuando se gira a la derecha','cerrada','corregida',83,'Success',6),(62046,'0000279','Plan de Acción - Móvil y Web','angel.pimentel','carlos.perez','alta','menor','a veces','','Funcionales','2017-08-11','2017-08-15','Falta validación en visita rechazada','cerrada','corregida',83,'Success',6),(62047,'0000278','iAcepta','Isaias.cortes','christian.gonzalez','baja','menor','a veces','','Look and Feel','2017-08-10','2017-08-15','Se detecta que al ingresar el usuario y dar clic en el botón de Enter realiza un salto de línea dentro de campo de usuario.','cerrada','corregida',83,'Success',6),(62048,'0000277','iAcepta','Isaias.cortes','juan.padilla','baja','menor','siempre','','Look and Feel','2017-08-10','2017-08-16','Se detecta que el mensaje de error que muestra la aplicación no se ve completo.','cerrada','corregida',83,'Success',6),(62049,'0000276','iAcepta','Isaias.cortes','luis.perez','urgente','funcionalidad','siempre','','Funcionales','2017-08-10','2017-08-14','Se detecta que al intentar iniciar sesión en la aplicación manda mensaje de error.','cerrada','corregida',83,'Success',6),(62050,'0000275','iAcepta','Isaias.cortes','juan.padilla','alta','funcionalidad','siempre','','Funcionales','2017-08-10','2017-08-17','Se detecta que al intentar iniciar sesión en la aplicación manda mensaje de error.','cerrada','corregida',83,'Success',6),(62051,'0000274','Plan de Acción - Móvil y Web','Isaias.cortes','carlos.perez','normal','ajuste','siempre','','Funcionales','2017-08-09','2017-08-15','','cerrada','corregida',83,'Success',6),(62052,'0000273','ZUCARMEX','eduardo.obregon','victor.cruz','normal','menor','no se ha intentado','','Look and Feel','2017-08-09','2017-08-22','','asignada','abierta',83,'Success',6),(62053,'0000272','ZUCARMEX','eduardo.obregon','eduardo.obregon','normal','menor','no se ha intentado','','Look and Feel','2017-08-09','2017-08-11','','resuelta','corregida',83,'Success',6),(62054,'0000271','ZUCARMEX','eduardo.obregon','eduardo.obregon','normal','menor','no se ha intentado','','Look and Feel','2017-08-09','2017-08-11','','resuelta','corregida',83,'Success',6),(62055,'0000270','Plan de Acción - Móvil y Web','Isaias.cortes','jorge.dominguez','alta','funcionalidad','siempre','','Funcionales','2017-08-09','2017-08-10','Al agendar una visita como pendiente Aparece Abierta','cerrada','corregida',83,'Success',6),(62056,'0000269','ZUCARMEX','eduardo.obregon','victor.cruz','baja','menor','no se ha intentado','','Look and Feel','2017-08-09','2017-08-09','Pedidos/ En la pantalla de mis pedidos el filtro sale sobre expuesto en la columna de Cancelación','asignada','abierta',83,'Success',6),(62057,'0000268','ZUCARMEX','eduardo.obregon','victor.cruz','alta','bloqueo','no se ha intentado','','Funcionales','2017-08-09','2017-08-09','\"\"Pedidos/Al finalizar el pedido y darle el botón guardar sale un mensaje con el texto \"\"\"\"NULL\"\"\"\" y no guarda el pedido\"\"','asignada','abierta',83,'Success',6),(62058,'0000267','ZUCARMEX','eduardo.obregon','victor.cruz','normal','menor','siempre','','Funcionales','2017-08-09','2017-08-09','En el resumen del pedido no se muestra el precio de maniobra y no lo está considerando en el total','asignada','abierta',83,'Success',6),(62059,'0000266','ZUCARMEX','eduardo.obregon','victor.cruz','normal','menor','siempre','','Funcionales','2017-08-09','2017-08-09','En el resumen del pedido no se muestra el precio de maniobra y no lo está considerando en el total','asignada','abierta',83,'Success',6),(62060,'0000265','ZUCARMEX','eduardo.obregon','victor.cruz','normal','menor','siempre','','Look and Feel','2017-08-09','2017-08-09','Pedido/Resumen: EN la ventana de Resumen del pedido no se esta mostrando el precio de maniobra que se ingreso','asignada','abierta',83,'Success',6),(62061,'0000264','Plan de Acción - Móvil y Web','angel.pimentel','carlos.perez','alta','menor','a veces','','Funcionales','2017-08-09','2017-08-15','Se seleccionan dos opciones en modulo preguntas','cerrada','corregida',83,'Success',6),(62062,'0000263','ZUCARMEX','eduardo.obregon','victor.cruz','baja','menor','siempre','','Look and Feel','2017-08-09','2017-08-09','Resumen de pedido/Se recomienda por estandarización poner con mayúscula la letra P en la palabra Pedido','asignada','abierta',83,'Success',6),(62063,'0000262','ZUCARMEX','eduardo.obregon','eduardo.obregon','baja','menor','siempre','','Look and Feel','2017-08-09','2017-08-11','Pedidos/Se sugiere colocar el acento a la palabra Almacén','resuelta','corregida',83,'Success',6),(62064,'0000261','ZUCARMEX','eduardo.obregon','eduardo.obregon','normal','menor','siempre','','Look and Feel','2017-08-09','2017-08-11','En la ventana de pedidos Se sugiere colocar el acento a la palabra Almacén','resuelta','corregida',83,'Success',6),(62065,'0000260','ZUCARMEX','eduardo.obregon','eduardo.obregon','normal','menor','siempre','','Look and Feel','2017-08-09','2017-08-11','Se recomienda para estandarización poner las primeras letras de cada palabra en mayúscula','resuelta','corregida',83,'Success',6),(62066,'0000259','ZUCARMEX','eduardo.obregon','eduardo.obregon','baja','menor','siempre','','Look and Feel','2017-08-09','2017-08-10','Del menú principal se recomienda poner el acento en la palabra configuración','resuelta','corregida',83,'Success',6),(62067,'0000258','BusBuilder - Chasis','Isaias.cortes','edgar.martinez','normal','menor','siempre','','Look and Feel','2017-08-09','2017-08-25','','resuelta','abierta',83,'Success',6),(62068,'0000257','BusBuilder - Chasis','Isaias.cortes','edgar.martinez','baja','menor','siempre','','Look and Feel','2017-08-08','2017-08-23','Se detectan faltas ortográficas en el modulo de motor.','cerrada','corregida',83,'Success',6),(62069,'0000256','BusBuilder - Chasis','Isaias.cortes','edgar.martinez','baja','menor','siempre','','Look and Feel','2017-08-08','2017-08-23','Se detecta una separación menor entre las etiquetas de Performance','resuelta','abierta',83,'Success',6),(62070,'0000255','BusBuilder - Chasis','Isaias.cortes','edgar.martinez','baja','menor','siempre','','Look and Feel','2017-08-08','2017-08-28','Se detecta empalme en las gráficas de Performance','resuelta','abierta',83,'Success',6),(62071,'0000254','BusBuilder - Chasis','Isaias.cortes','edgar.martinez','normal','funcionalidad','a veces','','Funcionales','2017-08-08','2017-08-23','Se detentan saltos de selección en modelos de llantas del chasis LO 916/45','cerrada','corregida',83,'Success',6),(62072,'0000253','Plan de Acción - Móvil y Web','Isaias.cortes','carlos.perez','normal','ajuste','siempre','','Funcionales','2017-08-08','2017-08-11','Despues de Selecionar rango de fechas se mantiene la selección','cerrada','corregida',83,'Success',6),(62073,'0000252','Plan de Acción - Móvil y Web','angel.pimentel','carlos.perez','alta','menor','a veces','','Funcionales','2017-08-08','2017-08-15','No deja cambiar fecha','cerrada','corregida',83,'Success',6),(62074,'0000251','Plan de Acción - Móvil y Web','Isaias.cortes','carlos.perez','alta','mayor','a veces','','Funcionales','2017-08-08','2017-08-08','Al actualizar app no se actualizan las visitas y ya se borraron','cerrada','corregida',83,'Success',6),(62075,'0000250','BusBuilder - Chasis','Isaias.cortes','edgar.martinez','baja','texto','siempre','','Look and Feel','2017-08-07','2017-08-23','Se detectan faltas ortograficas en modulos','resuelta','abierta',83,'Success',6),(62076,'0000249','BusBuilder - Chasis','Isaias.cortes','edgar.martinez','baja','ajuste','siempre','','Look and Feel','2017-08-07','2017-08-27','Se empalman las opciones de conguración sobre imagenes de chasis','resuelta','abierta',83,'Success',6),(62077,'0000248','BusBuilder - Chasis','Isaias.cortes','edgar.martinez','alta','ajuste','siempre','','Funcionales','2017-08-07','2017-08-23','\"\"Permite selecionar todas las opciones en \"\"\"\"Sistema neumatico\"\"\"\"\"\"','cerrada','corregida',83,'Success',6),(62078,'0000247','Plan de Acción - Móvil y Web','angel.pimentel','carlos.perez','alta','menor','a veces','','Funcionales','2017-08-07','2017-08-10','Etiqueta rubro desaparece al aplicar filtro','cerrada','corregida',83,'Success',6),(62079,'0000246','Plan de Acción - Móvil y Web','angel.pimentel','carlos.perez','alta','menor','a veces','','Funcionales','2017-08-07','2017-08-09','Acción de Recarga no tiene un uso','cerrada','corregida',83,'Success',6),(62080,'0000245','Plan de Acción - Móvil y Web','angel.pimentel','carlos.perez','alta','menor','a veces','','Funcionales','2017-08-07','2017-08-15','Permite seleccionar Pregunta cuando no debería','cerrada','corregida',83,'Success',6),(62081,'0000244','Plan de Acción - Móvil y Web','angel.pimentel','carlos.perez','alta','menor','a veces','','Funcionales','2017-08-03','2017-08-09','Falta correcta validación en campo correo','cerrada','corregida',83,'Success',6),(62082,'0000243','Plan de Acción - Móvil y Web','angel.pimentel','carlos.perez','alta','menor','a veces','','Funcionales','2017-08-03','2017-08-09','No hay una correcta validación en campo correo','cerrada','corregida',83,'Success',6),(62083,'0000242','Plan de Acción - Móvil y Web','angel.pimentel','carlos.perez','alta','menor','a veces','','Funcionales','2017-08-02','2017-08-08','Falta correcta validación en campo nombre','cerrada','corregida',83,'Success',6),(62084,'0000241','Plan de Acción - Móvil y Web','angel.pimentel','carlos.perez','alta','menor','a veces','','Funcionales','2017-08-02','2017-08-08','Falta validación en modulo Calendario','cerrada','corregida',83,'Success',6),(62085,'0000240','Plan de Acción - Móvil y Web','Isaias.cortes','carlos.perez','normal','ajuste','siempre','','Generales','2017-08-02','2017-08-08','No se muestra mensaje de advertencia al cerrar visita no realizada','cerrada','corregida',83,'Success',6),(62086,'0000239','Plan de Acción - Móvil y Web','angel.pimentel','carlos.perez','alta','menor','a veces','','Funcionales','2017-08-01','2017-08-01','Se cierra la aplicación al seleccionar Área','cerrada','corregida',83,'Success',6),(62087,'0000238','Plan de Acción - Móvil y Web','Isaias.cortes','carlos.perez','baja','texto','siempre','','Look and Feel','2017-08-01','2017-08-02','Etiqueta en Calendario dice Inicio','cerrada','corregida',83,'Success',6),(62088,'0000237','BusBuilder - Chasis','Isaias.cortes','edgar.martinez','normal','menor','siempre','','Generales','2017-07-31','2017-08-23','Aparece fecha de año 2013 cuando realiza la carga de cotizacion anterior','cerrada','corregida',83,'Success',6),(62089,'0000236','Plan de Acción - Móvil y Web','angel.pimentel','carlos.perez','alta','menor','a veces','','Funcionales','2017-07-31','2017-08-01','Falta validar campo Correo Electronico','cerrada','corregida',83,'Success',6),(62090,'0000235','Plan de Acción - Móvil y Web','angel.pimentel','carlos.perez','alta','menor','a veces','','Funcionales','2017-07-31','2017-08-01','','cerrada','corregida',83,'Success',6),(62091,'0000234','Plan de Acción - Móvil y Web','Isaias.cortes','carlos.perez','alta','ajuste','a veces','','Generales','2017-07-31','2017-08-02','En el calendario se coloca + en lugar del icono de filtro y la i no aparece en ocasiones','cerrada','corregida',83,'Success',6),(62092,'0000233','Plan de Acción - Móvil y Web','angel.pimentel','carlos.perez','alta','funcionalidad','a veces','','Funcionales','2017-07-31','2017-08-01','Guarda sin estar correctamente validado el Modulo','cerrada','corregida',83,'Success',6),(62093,'0000232','Plan de Acción - Móvil y Web','angel.pimentel','carlos.perez','alta','funcionalidad','a veces','','Funcionales','2017-07-31','2017-08-01','No muestra las Actividades correspondientes al usuario','cerrada','corregida',83,'Success',6),(62094,'0000231','Plan de Acción - Móvil y Web','Isaias.cortes','carlos.perez','alta','funcionalidad','siempre','','Criterios de Búsqueda','2017-07-31','2017-08-02','La busqueda arroja como resultado una visita pendiente','cerrada','corregida',83,'Success',6),(62095,'0000230','Plan de Acción - Móvil y Web','angel.pimentel','carlos.perez','alta','menor','a veces','','Funcionales','2017-07-31','2017-08-01','No actualiza en automático Nueva Visita','cerrada','corregida',83,'Success',6),(62096,'0000229','Plan de Acción - Móvil y Web','angel.pimentel','carlos.perez','alta','funcionalidad','a veces','','Funcionales','2017-07-31','2017-08-01','falta validación en el modulo Agregar Actividad','cerrada','corregida',83,'Success',6),(62097,'0000228','Plan de Acción - Móvil y Web','angel.pimentel','carlos.perez','alta','menor','a veces','','Funcionales','2017-07-28','2017-08-01','\"\"No cambia etiqueta \"\"\"\"Todos los Supervisores\"\"\"\"\"\"','cerrada','corregida',83,'Success',6),(62098,'0000227','Plan de Acción - Móvil y Web','angel.pimentel','carlos.perez','alta','menor','a veces','','Funcionales','2017-07-28','2017-07-28','Agenda Visita sin validar bien los campos','cerrada','corregida',83,'Success',6),(62099,'0000226','Plan de Acción - Móvil y Web','angel.pimentel','carlos.perez','alta','menor','a veces','','Funcionales','2017-07-27','2017-07-28','','cerrada','corregida',83,'Success',6),(62100,'0000225','Plan de Acción - Móvil y Web','Isaias.cortes','jorge.dominguez','alta','funcionalidad','siempre','','Funcionales','2017-07-27','2017-07-27','Las visitas en el mes de julio no aparecen todas','cerrada','corregida',83,'Success',6),(62101,'0000224','Plan de Acción - Móvil y Web','angel.pimentel','carlos.perez','alta','menor','a veces','','Funcionales','2017-07-27','2017-07-28','Falta de orden en registros Mis Visitas','cerrada','corregida',83,'Success',6),(62102,'0000223','Plan de Acción - Móvil y Web','angel.pimentel','carlos.perez','alta','menor','a veces','','Funcionales','2017-07-26','2017-07-28','Cambia de nombre la etiqueta de Actividades','cerrada','corregida',83,'Success',6),(62103,'0000222','Plan de Acción - Móvil y Web','angel.pimentel','carlos.perez','alta','menor','a veces','','Funcionales','2017-07-26','2017-08-22','No se cierra la sesión','cerrada','corregida',83,'Success',6),(62104,'0000221','Plan de Acción - Móvil y Web','angel.pimentel','carlos.perez','alta','menor','a veces','','Funcionales','2017-07-25','2017-07-26','Guarda la imagen cuando no hay ninguna pregunta contestada','cerrada','corregida',83,'Success',6),(62105,'0000218','Plan de Acción - Móvil y Web','angel.pimentel','carlos.perez','alta','menor','a veces','','Funcionales','2017-07-25','2017-07-26','No hay mismo diseño en fechas','cerrada','corregida',83,'Success',6),(62106,'0000217','Plan de Acción - Móvil y Web','angel.pimentel','carlos.perez','alta','funcionalidad','a veces','','Funcionales','2017-07-25','2017-07-26','Preguntas Calificadas no tienen restriccion','cerrada','corregida',83,'Success',6),(62107,'0000216','Plan de Acción - Móvil y Web','Isaias.cortes','carlos.perez','alta','mayor','siempre','','Generales','2017-07-25','2017-08-22','','cerrada','corregida',83,'Success',6),(62108,'0000215','Plan de Acción - Móvil y Web','Isaias.cortes','carlos.perez','baja','menor','siempre','','Look and Feel','2017-07-25','2017-07-25','En pantalla de acceso Accion esta mal escrito','cerrada','corregida',83,'Success',6),(62109,'0000214','Plan de Acción - Móvil y Web','angel.pimentel','carlos.perez','alta','menor','a veces','','Funcionales','2017-07-25','2017-07-28','No edita las actividades','cerrada','corregida',83,'Success',6),(62110,'0000213','Plan de Acción - Móvil y Web','angel.pimentel','carlos.perez','alta','menor','a veces','','Look and Feel','2017-07-25','2017-07-26','Confundible la colocación del icono que borra firma','cerrada','corregida',83,'Success',6),(62111,'0000212','Plan de Acción - Móvil y Web','angel.pimentel','carlos.perez','alta','menor','a veces','','Funcionales','2017-07-24','2017-08-01','No hay una correcta validación','cerrada','corregida',83,'Success',6),(62112,'0000211','Plan de Acción - Móvil y Web','angel.pimentel','carlos.perez','alta','menor','a veces','','Funcionales','2017-07-24','2017-07-26','Calendario no se muestra completo en tablet con versión diferente','cerrada','corregida',83,'Success',6),(62113,'0000210','Plan de Acción - Móvil y Web','angel.pimentel','carlos.perez','alta','menor','a veces','','Funcionales','2017-07-24','2017-07-26','Fucionalidad en boton Eliminar Firma','cerrada','corregida',83,'Success',6),(62114,'0000209','BusBuilder - Chasis','Isaias.cortes','edgar.martinez','normal','menor','siempre','','Datos','2017-07-20','2017-08-27','El campo de captura de cantidad permite captura mayor a 11 caracteres','resuelta','abierta',83,'Success',6),(62115,'0000208','BusBuilder - Chasis','Isaias.cortes','Isaias.cortes','normal','menor','siempre','','Datos','2017-07-20','2017-08-27','En celda de Nombre de cliente se pueden colocar mas de 255 caracteres','resuelta','abierta',83,'Success',6),(62116,'0000207','Plan de Acción - Móvil y Web','angel.pimentel','carlos.perez','alta','funcionalidad','a veces','','Funcionales','2017-07-18','2017-07-26','Icono de Subir imágenes o archivo sin funcionalidad','cerrada','corregida',83,'Success',6),(62117,'0000206','Plan de Acción - Móvil y Web','angel.pimentel','carlos.perez','alta','funcionalidad','a veces','','Funcionales','2017-07-18','2017-07-28','No Edita las Actividades','cerrada','corregida',83,'Success',6),(62118,'0000205','Plan de Acción - Móvil y Web','angel.pimentel','carlos.perez','alta','funcionalidad','a veces','','Funcionales','2017-07-18','2017-07-26','Interfaz con error en la pantalla de carga','cerrada','corregida',83,'Success',6),(62119,'0000204','Plan de Acción - Móvil y Web','angel.pimentel','carlos.perez','alta','funcionalidad','a veces','','Funcionales','2017-07-18','2017-07-26','Filtro sin Funcionalidad en la Interfaz Mis Visitas','cerrada','corregida',83,'Success',6),(62120,'0000203','BusBuilder - Chasis','Isaias.cortes','edgar.martinez','baja','menor','siempre','','Look and Feel','2017-07-18','2017-08-23','Se encuentra error de mayuscula en una etiqueta','cerrada','corregida',83,'Success',6),(62121,'0000200','Plan de Acción - Móvil y Web','angel.pimentel','carlos.perez','normal','menor','a veces','','Look and Feel','2017-07-18','2017-07-26','Nombre de la Etiqueta actividades y su interfaz','cerrada','corregida',83,'Success',6),(62122,'0000199','BusBuilder - Chasis','Isaias.cortes','edgar.martinez','alta','ajuste','siempre','','Funcionales','2017-07-18','2017-08-23','Las etiquetas del modelo OC500 no son funcionales','cerrada','corregida',83,'Success',6),(62123,'0000198','Plan de Acción - Móvil y Web','angel.pimentel','carlos.perez','alta','funcionalidad','a veces','','Funcionales','2017-07-18','2017-08-02','Icono de Información no tiene funcionalidad','cerrada','corregida',83,'Success',6),(62124,'0000197','BusBuilder - Chasis','Isaias.cortes','edgar.martinez','alta','ajuste','siempre','','Funcionales','2017-07-18','2017-08-23','En el nombre de Chasis de Lo no tiene funcionalidad','cerrada','corregida',83,'Success',6),(62125,'0000196','Plan de Acción - Móvil y Web','angel.pimentel','carlos.perez','alta','menor','a veces','','Funcionales','2017-07-18','2017-07-26','Menú de la aplicación se torno blanco y las etiquetas dejaron de verse','cerrada','corregida',83,'Success',6),(62126,'0000195','SIGB','Isaias.cortes','miguel.longinos','baja','menor','siempre','','Look and Feel','2017-07-07','2017-08-03','Etiquetas de Barra de busqueda se empalman con Celdas','resuelta','corregida',83,'Success',6),(62127,'0000194','SIGB','Isaias.cortes','miguel.longinos','baja','menor','siempre','','Look and Feel','2017-07-07','2017-08-03','En la barra dentro de el Reporte viene en Ingles','resuelta','corregida',83,'Success',6),(62128,'0000193','SIGB','Isaias.cortes','miguel.longinos','normal','mayor','siempre','','Criterios de Búsqueda','2017-07-03','2017-08-17','Fallo La Version en Tipo de Monto Presupuesto esta bloqueada y no trae ninguna','cerrada','corregida',83,'Success',6),(62129,'0000192','SIGB','Isaias.cortes','miguel.longinos','normal','funcionalidad','siempre','','Datos','2017-07-03','2017-08-17','Fallo No Hay versiones en Proyectado','cerrada','corregida',83,'Success',6),(62130,'0000191','SIGB','Isaias.cortes','miguel.longinos','alta','mayor','siempre','','General','2017-07-03','2017-08-17','Fallo: Actualizando la Version la información se borra y las celdas no se bloquean','cerrada','corregida',83,'Success',6),(62131,'0000190','POS','Isauro.mendoza','roberto.martinez','normal','funcionalidad','siempre','','General','2017-05-31','2017-05-31','SD - Sales Reports SD XD05 - Customer List: Checar que existan registros','asignada','abierta',83,'Success',6),(62132,'0000189','POS','Isauro.mendoza','roberto.martinez','normal','funcionalidad','siempre','','General','2017-05-31','2017-05-31','','asignada','abierta',83,'Success',6),(62133,'0000188','POS','Isauro.mendoza','roberto.martinez','normal','funcionalidad','siempre','','General','2017-05-30','2017-05-31','','resuelta','corregida',83,'Success',6),(62134,'0000187','POS','Isauro.mendoza','roberto.martinez','normal','funcionalidad','siempre','','General','2017-05-30','2017-05-31','','resuelta','corregida',83,'Success',6),(62135,'0000186','POS','Isauro.mendoza','roberto.martinez','normal','texto','siempre','','General','2017-05-29','2017-05-29','MM  Materials Configuration MMDC  Classes Purchasing Document: Botones en español','resuelta','corregida',83,'Success',6),(62136,'0000185','POS','Isauro.mendoza','roberto.martinez','normal','funcionalidad','siempre','','General','2017-05-29','2017-05-29','MM  Materials Configuration GRC8  Shopping Groups: botones en español','resuelta','corregida',83,'Success',6),(62137,'0000184','POS','Isauro.mendoza','roberto.martinez','normal','funcionalidad','siempre','','General','2017-05-26','2017-05-29','MM  Materials Configuration OC01  Shopping Organizations: Botones en español','resuelta','corregida',83,'Success',6),(62138,'0000183','POS','Isauro.mendoza','roberto.martinez','normal','funcionalidad','siempre','','General','2017-05-26','2017-05-29','MM  Materials Configuration XKN1  Suppliser Range: botones en español y mensaje en español','resuelta','corregida',83,'Success',6),(62139,'0000182','POS','Isauro.mendoza','roberto.martinez','normal','funcionalidad','siempre','','General','2017-05-26','2017-05-29','MM  Materials Configuration XKG-Accounts Groups Supplisers: Boton y mensaje en español','resuelta','corregida',83,'Success',6),(62140,'0000181','POS','Isauro.mendoza','roberto.martinez','normal','funcionalidad','siempre','','General','2017-05-26','2017-05-29','\"\"MM  Materials Configuration CT03  Feature query: botones y palabra \"\"\"\"Escribe\"\"\"\"\"\"','resuelta','corregida',83,'Success',6),(62141,'0000180','POS','Isauro.mendoza','roberto.martinez','normal','funcionalidad','siempre','','General','2017-05-26','2017-05-29','MM  Materials Configuration CNT8  Center Feature: Botones superiores en español y mensaje de confirmación en español','resuelta','corregida',83,'Success',6),(62142,'0000179','POS','Isauro.mendoza','roberto.martinez','normal','funcionalidad','siempre','','General','2017-05-26','2017-05-29','MM  Materials SKUs MM03  Select SKU:Botones superiores en español','resuelta','corregida',83,'Success',6),(62143,'0000178','POS','Isauro.mendoza','roberto.martinez','normal','funcionalidad','siempre','','General','2017-05-26','2017-05-26','','resuelta','corregida',83,'Success',6),(62144,'0000177','POS','Isauro.mendoza','roberto.martinez','normal','funcionalidad','siempre','','General','2017-05-26','2017-05-26','SD  Sales Configuration GPV8 Sales Group: Mensaje de confirmacion en español','resuelta','corregida',83,'Success',6),(62145,'0000176','POS','Isauro.mendoza','roberto.martinez','normal','funcionalidad','siempre','','General','2017-05-26','2017-05-26','SD  Sales Configuration CND8 Distribution Channel: Mensaje de confirmacion en español','resuelta','corregida',83,'Success',6),(62146,'0000175','POS','Isauro.mendoza','roberto.martinez','normal','funcionalidad','siempre','','General','2017-05-26','2017-05-26','SD  Sales Configuration ORV8  Sales Organizacion: Mensaje de confirmacion en español','resuelta','corregida',83,'Success',6),(62147,'0000174','POS','Isauro.mendoza','roberto.martinez','normal','funcionalidad','siempre','','General','2017-05-26','2017-05-26','SD  Sales Configuration VOV8-Document Class: Mensaje de confirmacion en español','resuelta','corregida',83,'Success',6),(62148,'0000173','POS','Isauro.mendoza','roberto.martinez','normal','funcionalidad','no se ha intentado','','General','2017-05-25','2017-05-25','\"\"IM - Inventory Inventory MMBE  Summary Stocks:  Cen / Alm / Lot: Tiene la palabra \"\"\"\"escribe\"\"\"\"\"\"','resuelta','corregida',83,'Success',6),(62149,'0000172','POS','Isauro.mendoza','roberto.martinez','normal','menor','siempre','','General','2017-05-25','2017-05-25','\"\"IM - Inventory MRP ZMMORDCOM-MRP: Tiene la palabra \"\"\"\"Escribe\"\"\"\" y una palabra en español\"\"','resuelta','corregida',83,'Success',6),(62150,'0000171','POS','Isauro.mendoza','roberto.martinez','normal','funcionalidad','siempre','','General','2017-05-25','2017-05-25','IM - Inventory Inventory Physical Inventory ZIF_CAPTURA -Physical Inventory: Tiene  la palabra Escribe','resuelta','corregida',83,'Success',6),(62151,'0000170','POS','Isauro.mendoza','roberto.martinez','normal','funcionalidad','siempre','','General','2017-05-25','2017-05-25','\"\"IM - Inventory Inventory Physical Inventory ZIF_CAPTURAFINAL-Physical Inventory: Tiene  la palabra Escribe\"\"\"\"\"\"','resuelta','corregida',83,'Success',6),(62152,'0000169','POS','Isauro.mendoza','roberto.martinez','normal','funcionalidad','siempre','','General','2017-05-25','2017-05-25','\"\"IM - Inventory Inventory Reports IM ZIF_CARGALISTADO  Inventory Layouts: Tiene la palabra \"\"\"\"Escribe\"\"\"\"\"\"','resuelta','corregida',83,'Success',6),(62153,'0000168','POS','Isauro.mendoza','roberto.martinez','normal','funcionalidad','siempre','','General','2017-05-25','2017-05-25','IM - Inventory Inventory MIGO- Goods Movements: Los campos de los datos están desacomodados','resuelta','corregida',83,'Success',6),(62154,'0000167','POS','Isauro.mendoza','roberto.martinez','normal','funcionalidad','siempre','','General','2017-05-25','2017-05-25','IM - Inventory Inventory MMPV -SKU Master Period Offset :Aparece la palabra Escribe dentro de los campos.','resuelta','corregida',83,'Success',6),(62155,'0000166','POS','Isauro.mendoza','israel.cruz','normal','funcionalidad','siempre','','General','2017-05-23','2017-05-23','FICO Finances Configuration FP01  Payment Methods: Mensaje de error no adeacuado','asignada','abierta',83,'Success',6),(62156,'0000165','POS','Isauro.mendoza','israel.cruz','normal','funcionalidad','siempre','','General','2017-05-19','2017-05-19','MM-Materials Purchasing Documents ME21N-Insert Purchase Order : No se puede insertar el registro','asignada','abierta',83,'Success',6),(62157,'0000164','POS','Isauro.mendoza','israel.cruz','normal','funcionalidad','siempre','','General','2017-05-15','2017-05-15','FICO- Finances Debtors FD31-Update Credit: Mensaje de confirmación guardado en español','asignada','abierta',83,'Success',6),(62158,'0000163','POS','Isauro.mendoza','israel.cruz','normal','funcionalidad','siempre','','General','2017-05-15','2017-05-15','FICO- Finances Configuration BNKA-Banks: mensaje en español','asignada','abierta',83,'Success',6),(62159,'0000162','POS','Isauro.mendoza','israel.cruz','normal','funcionalidad','no se ha intentado','','General','2017-05-15','2017-05-15','BASIS- Configuration Users SU01- Users: Pestañas en español','asignada','abierta',83,'Success',6),(62160,'0000161','POS','Isauro.mendoza','israel.cruz','normal','funcionalidad','siempre','','General','2017-05-15','2017-05-15','BASIS- Configuration Configuration AE01- Insert General Data: Etiquetas en español','asignada','abierta',83,'Success',6),(62161,'0000160','POS','Isauro.mendoza','israel.cruz','normal','funcionalidad','siempre','','General','2017-05-15','2017-05-15','MM-Materials Purchasing Documents ME21N-Insert Purchase Order: Mensajes de error y encabezado en español','asignada','abierta',83,'Success',6),(62162,'0000159','POS','Isauro.mendoza','israel.cruz','normal','funcionalidad','siempre','','General','2017-05-15','2017-05-15','MM-Materials Condition Records MEK2- Update Condition Record : Mensaje de error en Español','asignada','abierta',83,'Success',6),(62163,'0000158','POS','Isauro.mendoza','israel.cruz','normal','funcionalidad','siempre','','General','2017-05-15','2017-05-15','MM-Materials Condition Records MEK1- Insert Condition  Record: mensaje de error en español','asignada','abierta',83,'Success',6),(62164,'0000157','POS','Isauro.mendoza','israel.cruz','normal','funcionalidad','siempre','','General','2017-05-15','2017-05-15','MM- Materials supplier XK02- Update Supplier: Mensaje de Confirmación en Español y encabezados','asignada','abierta',83,'Success',6),(62165,'0000156','POS','Isauro.mendoza','israel.cruz','normal','funcionalidad','siempre','','General','2017-05-15','2017-05-15','MM- Materials Supplier XK01- Insert Supplier: Mensaje de confirmación en español','asignada','abierta',83,'Success',6),(62166,'0000155','POS','Isauro.mendoza','israel.cruz','normal','funcionalidad','siempre','','General','2017-05-15','2017-05-15','MM- Materials Configuration TRNF01-Invoice Ranges: Mensaje en español','asignada','abierta',83,'Success',6),(62167,'0000154','POS','Isauro.mendoza','israel.cruz','normal','funcionalidad','siempre','','General','2017-05-15','2017-05-15','MM- Materials Configuration TRNOCA01-Purchase Order Ranges: Mensaje en español','asignada','abierta',83,'Success',6),(62168,'0000153','POS','Isauro.mendoza','israel.cruz','normal','funcionalidad','siempre','','General','2017-05-12','2017-05-12','MM- Materials Configuration XKN1- Supplisers Range: Mensaje de confirmación en español','asignada','abierta',83,'Success',6),(62169,'0000152','POS','Isauro.mendoza','israel.cruz','normal','funcionalidad','siempre','','General','2017-05-12','2017-05-12','MM- Materials Configuration XKGP-Accounts Groups Suppliers: Mensaje de confirmación en español','asignada','abierta',83,'Success',6),(62170,'0000151','POS','Isauro.mendoza','israel.cruz','normal','funcionalidad','siempre','','General','2017-05-12','2017-05-12','MM- Materials Configuration CT03- Feature Query : Mensaje en español','asignada','abierta',83,'Success',6),(62171,'0000150','POS','Isauro.mendoza','israel.cruz','normal','funcionalidad','siempre','','General','2017-05-12','2017-05-15','MM- Materials Configuration CT01 insert Feature:mensaje en español','asignada','abierta',83,'Success',6),(62172,'0000149','POS','Isauro.mendoza','israel.cruz','normal','funcionalidad','siempre','','General','2017-05-12','2017-05-12','MM- Materials Configuration CT02-Update Feature :Mensaje de confirmación en español','asignada','abierta',83,'Success',6),(62173,'0000148','POS','Isauro.mendoza','israel.cruz','normal','funcionalidad','siempre','','General','2017-05-12','2017-05-12','MM- Materials Configuration CT01 insert Feature: Mensaje en confirmación en español','asignada','abierta',83,'Success',6),(62174,'0000147','POS','Isauro.mendoza','israel.cruz','normal','funcionalidad','siempre','','General','2017-05-12','2017-05-12','MM- Materials Configuration CNT8 -Center: mensaje de confirmación en español','asignada','abierta',83,'Success',6),(62175,'0000146','POS','Isauro.mendoza','roberto.martinez','normal','funcionalidad','siempre','','General','2017-05-12','2017-05-29','MM- Materials SKUs MM02-Update SKU: Mensaje de confirmación en español al momento de guardar y botón de encabezado en español','resuelta','corregida',83,'Success',6),(62176,'0000145','POS','Isauro.mendoza','roberto.martinez','normal','funcionalidad','siempre','','General','2017-05-12','2017-05-29','MM-Materials SKUs MM01-Insert SKU: mensaje de confirmación esta en español y etiquetas superiores en español','resuelta','corregida',83,'Success',6),(62177,'0000144','POS','Isauro.mendoza','israel.cruz','normal','funcionalidad','siempre','','General','2017-05-12','2017-05-12','MM- Materials SKUs MM02-Update SKU: Etiqueta en español','asignada','abierta',83,'Success',6),(62178,'0000143','POS','Isauro.mendoza','israel.cruz','normal','funcionalidad','siempre','','General','2017-05-12','2017-05-12','IM- Inventory MRP ZMMORDCOM-MRP: Etiquetas en español','asignada','abierta',83,'Success',6),(62179,'0000142','POS','Isauro.mendoza','roberto.martinez','normal','funcionalidad','siempre','','General','2017-05-11','2017-05-12','IM- Inventory Inventory Summary Stocks:Cen/Alm/Lot: Combos Vacios','resuelta','corregida',83,'Success',6),(62180,'0000141','POS','Isauro.mendoza','israel.cruz','normal','funcionalidad','siempre','','General','2017-05-11','2017-05-11','IM- Inventory Inventory MIGO- Goods Movements:Combo Vacio','asignada','abierta',83,'Success',6),(62181,'0000140','POS','Isauro.mendoza','israel.cruz','normal','funcionalidad','siempre','','General','2017-05-11','2017-05-11','IM- Inventory Inventory MIGO- Goods Movements: mensaje de error en español','resuelta','no es una incidencia',83,'Success',6),(62182,'0000139','POS','Isauro.mendoza','roberto.martinez','normal','funcionalidad','siempre','','General','2017-05-11','2017-05-29','IM- Inventory Inventory MIGO- Goods Movements: etiquetas de encabezado en español','resuelta','corregida',83,'Success',6),(62183,'0000138','POS','Isauro.mendoza','Jesus.rivero','normal','funcionalidad','siempre','','General','2017-05-11','2017-05-15','FICO- Finances Creditors F-53-Payments Records for Creditors: Hay una etiqueta en español','nueva','reabierta',83,'Success',6),(62184,'0000137','POS','Isauro.mendoza','','normal','funcionalidad','siempre','','General','2017-05-11','2017-05-11','FICO- Finances Debtors CORTEX-CU X: Etiquetas en español.','resuelta','abierta',83,'Success',6),(62185,'0000136','POS','Isauro.mendoza','','normal','funcionalidad','siempre','','General','2017-05-11','2017-05-11','FICO- Finances Debtors CORTEZ-CU Z: Etiquetas en español','resuelta','abierta',83,'Success',6),(62186,'0000135','POS','Isauro.mendoza','roberto.martinez','normal','funcionalidad','siempre','','General','2017-05-10','2017-05-29','FICO- Finances Debtors FD31-Insert Credit: El mensaje de confirmacion al guardar esta en español','resuelta','corregida',83,'Success',6),(62187,'0000134','POS','Isauro.mendoza','israel.cruz','normal','funcionalidad','siempre','','General','2017-05-10','2017-05-11','FICO-Finances Debtors F-28-Payments Records for Debtors: El input no acepta un monto','resuelta','no es una incidencia',83,'Success',6),(62188,'0000133','POS','Isauro.mendoza','Jesus.rivero','normal','funcionalidad','siempre','','General','2017-05-10','2017-05-15','FICO- Finances Configuration BNKA-Banks:Permite insertar caracteres raros','cerrada','corregida',83,'Success',6),(62189,'0000132','POS','Isauro.mendoza','Jesus.rivero','normal','funcionalidad','siempre','','General','2017-05-10','2017-05-11','FICO- Finances Configuration TCLDR-References:','resuelta','no es una incidencia',83,'Success',6),(62190,'0000131','POS','Isauro.mendoza','israel.cruz','normal','funcionalidad','siempre','','General','2017-05-10','2017-05-15','FICO- Finances Configuration ZCAJA-Box catalog	 permite inserción de caracteres raros','cerrada','corregida',83,'Success',6),(62191,'0000130','POS','Isauro.mendoza','Jesus.rivero','normal','funcionalidad','siempre','','General','2017-05-10','2017-05-11','FICO- Finances Configuration BNKA-Banks: Encabezado en Español','resuelta','corregida',83,'Success',6),(62192,'0000129','POS','Isauro.mendoza','Jesus.rivero','normal','funcionalidad','siempre','','General','2017-05-10','2017-05-11','FICO- Finances Configuration TCLDR-References: Encabezado en Español','resuelta','corregida',83,'Success',6),(62193,'0000128','POS','Isauro.mendoza','Jesus.rivero','normal','funcionalidad','siempre','','General','2017-05-10','2017-05-11','FICO- Finances Configuration TC01-Exchance rate: Encabezado en español','resuelta','corregida',83,'Success',6),(62194,'0000127','POS','Isauro.mendoza','Jesus.rivero','normal','funcionalidad','siempre','','General','2017-05-10','2017-05-11','FICO- Finances Configuration FP01- Payment Methods: Encabezado en Español','resuelta','corregida',83,'Success',6),(62195,'0000126','POS','Isauro.mendoza','Jesus.rivero','normal','funcionalidad','siempre','','General','2017-05-10','2017-05-15','FICO- Finances Configuration TC01-Exchance rate: se pueden insertar caracteres raros','cerrada','corregida',83,'Success',6),(62196,'0000125','POS','Isauro.mendoza','Jesus.rivero','normal','funcionalidad','siempre','','General','2017-05-10','2017-05-11','FICO- Finances Configuration TC01-Exchance rate: No se actualiza con Enter','resuelta','no es una incidencia',83,'Success',6),(62197,'0000124','POS','Isauro.mendoza','Jesus.rivero','normal','funcionalidad','siempre','','General','2017-05-10','2017-05-15','FICO- Finances Configuration FP01- Payment Methods: Se puede insertar cualquier carácter raro','cerrada','corregida',83,'Success',6),(62198,'0000123','POS','Isauro.mendoza','Jesus.rivero','normal','funcionalidad','siempre','','General','2017-05-10','2017-05-15','','cerrada','corregida',83,'Success',6),(62199,'0000122','POS','Isauro.mendoza','israel.cruz','normal','funcionalidad','siempre','','General','2017-05-10','2017-05-15','FICO- Finances Configuration SOC8-Company: Mensaje de confirmacion en español','asignada','abierta',83,'Success',6),(62200,'0000121','POS','Isauro.mendoza','Jesus.rivero','normal','funcionalidad','siempre','','General','2017-05-10','2017-05-15','FICO- Finances Configuration SOC8-Company: Se puede actualizar con caracteres raros','cerrada','corregida',83,'Success',6),(62201,'0000120','POS','Isauro.mendoza','israel.cruz','normal','funcionalidad','siempre','','General','2017-05-10','2017-05-16','BASIS- Configuration Users SU01- Users: permite actualizar y insertar caracteres raros','cerrada','corregida',83,'Success',6),(62202,'0000119','POS','Isauro.mendoza','israel.cruz','normal','funcionalidad','siempre','','General','2017-05-10','2017-05-11','BASIS- Configuration Users SU01- Users: Pestañas en español','asignada','abierta',83,'Success',6),(62203,'0000118','POS','Isauro.mendoza','israel.cruz','normal','funcionalidad','siempre','','General','2017-05-10','2017-05-15','BASIS- Configuration Users RO01- Roles: inserción de cualquier carácter raro','cerrada','corregida',83,'Success',6),(62204,'0000117','POS','Isauro.mendoza','israel.cruz','normal','funcionalidad','siempre','','General','2017-05-10','2017-05-11','BASIS- Configuration Users GR03- Select Authorization Groups: No hay una barra Scroll','resuelta','no es una incidencia',83,'Success',6),(62205,'0000116','POS','Isauro.mendoza','israel.cruz','normal','funcionalidad','siempre','','General','2017-05-10','2017-05-16','BASIS- Configuration Users GR02- Update  Authorization Groups: se pueden insertar caracteres raros','cerrada','corregida',83,'Success',6),(62206,'0000115','POS','Isauro.mendoza','israel.cruz','normal','funcionalidad','siempre','','General','2017-05-10','2017-05-16','BASIS- Configuration Users GR01- Insert Authorization Groups: se pueden insertar caracteres raros','cerrada','corregida',83,'Success',6),(62207,'0000114','POS','Isauro.mendoza','israel.cruz','normal','funcionalidad','siempre','','General','2017-05-10','2017-05-16','BASIS- Configuration Users DP01- Departments: Se permiten insertar caracteres raros','cerrada','corregida',83,'Success',6),(62208,'0000113','POS','Isauro.mendoza','israel.cruz','normal','funcionalidad','siempre','','General','2017-05-10','2017-05-15','BASIS- Configuration Users TU01-User Types: se permite ingresar caracteres raros','cerrada','corregida',83,'Success',6),(62209,'0000112','POS','Isauro.mendoza','israel.cruz','normal','funcionalidad','siempre','','General','2017-05-10','2017-05-16','BASIS- Configuration Users FN01- Functions: Permite insertar cualquier caracter raro','cerrada','corregida',83,'Success',6),(62210,'0000111','POS','Isauro.mendoza','israel.cruz','normal','funcionalidad','siempre','','General','2017-05-10','2017-05-16','BASIS- Configuration Configuration AE02-Update General Data: Se permite actualizar con caracteres raros','cerrada','corregida',83,'Success',6),(62211,'0000110','POS','Isauro.mendoza','israel.cruz','normal','funcionalidad','siempre','','General','2017-05-09','2017-05-11','BASIS- Configuration Configuration LOG03-View Log: Mensaje de aviso esta en español.','asignada','abierta',83,'Success',6),(62212,'0000109','POS','Isauro.mendoza','israel.cruz','normal','funcionalidad','siempre','','General','2017-05-09','2017-05-11','BASIS- Configuration Users ZRESPALDO-Backup Database: Cambiar el mensaje de exito','asignada','abierta',83,'Success',6),(62213,'0000108','POS','Isauro.mendoza','israel.cruz','normal','funcionalidad','siempre','','General','2017-05-09','2017-05-11','BASIS- Configuration Configuration AE03-Select General Data: Falta la etiqueta o pestaña Configuración JOBS','asignada','abierta',83,'Success',6),(62214,'0000107','POS','Isauro.mendoza','Isauro.mendoza','normal','funcionalidad','siempre','','General','2017-05-09','2017-05-15','MM-Materials Reports ZMM_REPCOMPRAS Purchasing Reports: etiquetas en español','cerrada','corregida',83,'Success',6),(62215,'0000106','POS','Isauro.mendoza','Jesus.rivero','normal','funcionalidad','siempre','','General','2017-05-09','2017-05-11','MM-Materials Reports ZMM_REPCOMPRAS Purchasing Reports: etiqueta periodo esta en español','resuelta','corregida',83,'Success',6),(62216,'0000105','POS','Isauro.mendoza','Jesus.rivero','normal','funcionalidad','siempre','','General','2017-05-09','2017-05-11','MM-Materials Purchasing Documents ME21N-Insert Purchase Order: Hay etiquetas en español','resuelta','corregida',83,'Success',6),(62217,'0000104','POS','Isauro.mendoza','Jesus.rivero','normal','funcionalidad','no se ha intentado','','General','2017-05-09','2017-05-11','MM-Materials Purchasing Documents ME21N-Insert Purchase Order: mensaje de error en español','resuelta','no es una incidencia',83,'Success',6),(62218,'0000103','POS','Isauro.mendoza','Jesus.rivero','normal','funcionalidad','siempre','','General','2017-05-09','2017-05-11','MM-Materials Condition Records MEK2- Update Condition Record: mensaje de error en español','resuelta','no es corregible',83,'Success',6),(62219,'0000102','POS','Isauro.mendoza','Jesus.rivero','normal','funcionalidad','siempre','','General','2017-05-09','2017-05-11','','resuelta','no es una incidencia',83,'Success',6),(62220,'0000101','POS','Isauro.mendoza','Jesus.rivero','normal','funcionalidad','siempre','','General','2017-05-09','2017-05-11','MM- Materials supplier XK02- Update Supplier: El mensaje de confirmación de guardar esta en español.','resuelta','no es una incidencia',83,'Success',6),(62221,'0000100','POS','Isauro.mendoza','Jesus.rivero','normal','funcionalidad','siempre','','General','2017-05-09','2017-05-11','MM-Materials Configuration CT03- Feature Query: leyenda de error en español','resuelta','no es una incidencia',83,'Success',6),(62222,'0000099','POS','Isauro.mendoza','','normal','funcionalidad','siempre','','General','2017-05-09','2017-05-11','Al Cerrar la aplicación','resuelta','no es una incidencia',83,'Success',6),(62223,'0000098','POS','Isauro.mendoza','Jesus.rivero','normal','funcionalidad','siempre','','General','2017-05-09','2017-05-11','MM-Materials: para todos los combos del modulo de MM-Materials','resuelta','no es una incidencia',83,'Success',6),(62224,'0000097','POS','Isauro.mendoza','Jesus.rivero','normal','funcionalidad','siempre','','General','2017-05-09','2017-05-11','MM-Materials Batch Management MSC1N- Insert batch management: al insertar actualiza uno existente','resuelta','no es una incidencia',83,'Success',6),(62225,'0000096','POS','Isauro.mendoza','Jesus.rivero','normal','funcionalidad','siempre','','General','2017-05-09','2017-05-11','MM-Materials Batch Management MSC3N- select batch management: La búsqueda la realiza solo una vez','resuelta','no es una incidencia',83,'Success',6),(62226,'0000095','POS','Isauro.mendoza','Jesus.rivero','normal','funcionalidad','siempre','','General','2017-05-09','2017-05-11','','resuelta','no es una incidencia',83,'Success',6),(62227,'0000094','POS','Isauro.mendoza','Jesus.rivero','normal','funcionalidad','no se ha intentado','','General','2017-05-09','2017-05-15','MM-Materials Reports ZMM_REPCOMPRAS Purchasing Reportssale:sale como error con una leyenda','cerrada','corregida',83,'Success',6),(62228,'0000093','POS','Isauro.mendoza','Isauro.mendoza','normal','funcionalidad','siempre','','General','2017-05-09','2017-05-15','MM-Materials Reports ZMM_REPCOMPRAS Purchasing Reports: sale una Exception a la seleccion de Reporte Lento de Movimiento','cerrada','corregida',83,'Success',6),(62229,'0000092','POS','Isauro.mendoza','israel.cruz','normal','funcionalidad','siempre','','General','2017-05-09','2017-05-11','MM-Materials Reports ZMM_REPCOMPRAS Purchasing Reports: sale una Exception para reporte Punto de Reo','resuelta','corregida',83,'Success',6),(62230,'0000091','POS','Isauro.mendoza','Jesus.rivero','normal','funcionalidad','no se ha intentado','','General','2017-05-09','2017-05-15','MM-Materials Reports ZMM_REPCOMPRAS Purchasing Reports: sale una Exception para Backlog de Compras','cerrada','corregida',83,'Success',6),(62231,'0000090','POS','Isauro.mendoza','Isauro.mendoza','normal','funcionalidad','siempre','','General','2017-05-09','2017-05-15','MM-Materials Reports ZMM_REPCOMPRAS Purchasing Reports: sale una Exception  cuando la seleccion es Estado de Cuenta','cerrada','corregida',83,'Success',6),(62232,'0000089','POS','Isauro.mendoza','Jesus.rivero','normal','funcionalidad','siempre','','General','2017-05-08','2017-05-11','','resuelta','no es una incidencia',83,'Success',6),(62233,'0000088','POS','Isauro.mendoza','israel.cruz','normal','funcionalidad','siempre','','General','2017-05-08','2017-05-11','MM-Materials Purchasing Documents ME22N-Select Purchase Order: no se puede hacer una busquedas','resuelta','no es corregible',83,'Success',6),(62234,'0000087','POS','Isauro.mendoza','israel.cruz','normal','funcionalidad','siempre','','General','2017-05-08','2017-05-15','MM-Materials Purchasing Documents ME22N-Update Purchase Order: no se puede actualizar','cerrada','corregida',83,'Success',6),(62235,'0000086','POS','Isauro.mendoza','israel.cruz','normal','funcionalidad','siempre','','General','2017-05-08','2017-05-11','MM-Materials Purchasing Documents ME21N-Insert Purchase Order: no se pueden hacer las inserciones','resuelta','no es una incidencia',83,'Success',6),(62236,'0000085','POS','Isauro.mendoza','israel.cruz','normal','funcionalidad','siempre','','General','2017-05-08','2017-05-11','MM-Materials Condition Records MEK1- Insert Condition  Record: no se pueden hacer inserciones','resuelta','no es una incidencia',83,'Success',6),(62237,'0000084','POS','Isauro.mendoza','israel.cruz','normal','funcionalidad','siempre','','General','2017-05-08','2017-05-11','MM-Materials Information Registration ME12-Update Purchasing Information Record:','resuelta','no es una incidencia',83,'Success',6),(62238,'0000083','POS','Isauro.mendoza','israel.cruz','normal','funcionalidad','siempre','','General','2017-05-08','2017-05-16','MM- Materials Information Registration ME11 Insert Purchasing Information Record: Permite insertar caracteres raros','cerrada','corregida',83,'Success',6),(62239,'0000082','POS','Isauro.mendoza','israel.cruz','normal','funcionalidad','siempre','','General','2017-05-08','2017-05-11','MM- Materials Suppliers XK06  Request Delete Suppliers: No elimina registros','resuelta','no es una incidencia',83,'Success',6),(62240,'0000081','POS','Isauro.mendoza','israel.cruz','normal','funcionalidad','siempre','','General','2017-05-08','2017-05-11','','resuelta','no es una incidencia',83,'Success',6),(62241,'0000080','POS','Isauro.mendoza','israel.cruz','normal','funcionalidad','siempre','','General','2017-05-08','2017-05-11','MM- Materials supplier XK02- Update Supplier: los contactos no se muestran','resuelta','no es una incidencia',83,'Success',6),(62242,'0000079','POS','Isauro.mendoza','israel.cruz','normal','funcionalidad','siempre','','General','2017-05-08','2017-05-15','MM- Materials supplier XK02- Update Supplier : se pueden insertar caracteres raros','cerrada','corregida',83,'Success',6),(62243,'0000078','POS','Isauro.mendoza','israel.cruz','normal','funcionalidad','siempre','','General','2017-05-08','2017-05-11','MM- Materials Supplier XK01- Insert Supplier No se pueden insertar registros.','resuelta','no es una incidencia',83,'Success',6),(62244,'0000077','POS','Isauro.mendoza','israel.cruz','normal','funcionalidad','siempre','','General','2017-05-05','2017-05-15','MM-Materials Configuration ZMMTABPAR-Configuration Parameters: permite cualquier carácter','cerrada','corregida',83,'Success',6),(62245,'0000076','POS','Isauro.mendoza','israel.cruz','normal','funcionalidad','siempre','','General','2017-05-05','2017-05-16','MM-Materials Configuration TRNF01-Invoice Ranges: permite ingresar caracteres raros','cerrada','corregida',83,'Success',6),(62246,'0000075','POS','Isauro.mendoza','israel.cruz','normal','funcionalidad','no se ha intentado','','General','2017-05-05','2017-05-16','MM-Materials Configuration TRNOCA01-Purchase Order Ranges: permite ingresar cualquier caracter raro','cerrada','corregida',83,'Success',6),(62247,'0000074','POS','Isauro.mendoza','israel.cruz','normal','funcionalidad','siempre','','General','2017-05-05','2017-05-16','MM-Materials Configuration MMDC- Classes Purchasing Document: se pueden insertar caracteres raros','cerrada','corregida',83,'Success',6),(62248,'0000073','POS','Isauro.mendoza','israel.cruz','normal','funcionalidad','siempre','','General','2017-05-05','2017-05-16','MM-Materials Configuration GRC8-Shopping Groups: permite ingresar caracteres raros','cerrada','corregida',83,'Success',6),(62249,'0000072','POS','Isauro.mendoza','israel.cruz','normal','funcionalidad','siempre','','General','2017-05-05','2017-05-15','MM-Materials Configuration  AL8-Warehouse: permite ingresar caracteres raros','cerrada','corregida',83,'Success',6),(62250,'0000071','POS','Isauro.mendoza','israel.cruz','normal','funcionalidad','siempre','','General','2017-05-05','2017-05-11','MM-Materials Configuration OC01- Shopping Organización: permite registros duplicados','resuelta','no es una incidencia',83,'Success',6),(62251,'0000070','POS','Isauro.mendoza','israel.cruz','normal','funcionalidad','siempre','','General','2017-05-05','2017-05-16','MM-Materials Configuration OC01- Shopping Organización: me permite ingresar cual carácter raro','cerrada','corregida',83,'Success',6),(62252,'0000069','POS','Isauro.mendoza','israel.cruz','normal','funcionalidad','siempre','','General','2017-05-05','2017-05-16','MM-Materials Configuration XKN1- Supplisers Range: Permite caracteres raros','cerrada','corregida',83,'Success',6),(62253,'0000068','POS','Isauro.mendoza','Jesus.rivero','normal','funcionalidad','siempre','','General','2017-05-05','2017-05-15','MM-Materials Configuration XKGP-Accounts Groups Suppliers: Permite cualquier caracter raro','cerrada','corregida',83,'Success',6),(62254,'0000067','POS','Isauro.mendoza','israel.cruz','normal','funcionalidad','siempre','','General','2017-05-05','2017-05-11','MM-Materials Configuration  CT02-Update Feature: no se actualizan los datos con el cursor encima','resuelta','no es una incidencia',83,'Success',6),(62255,'0000066','POS','Isauro.mendoza','israel.cruz','normal','funcionalidad','siempre','','General','2017-05-05','2017-05-11','MM-Materials Configuration CT01 insert Feature: no puede actualizarse un nulo','resuelta','no es una incidencia',83,'Success',6),(62256,'0000065','POS','Isauro.mendoza','israel.cruz','normal','funcionalidad','siempre','','General','2017-05-05','2017-05-11','MM-Materials Configuration CT01 insert Feature: no se guardan los datos','resuelta','no es una incidencia',83,'Success',6),(62257,'0000064','POS','Isauro.mendoza','israel.cruz','normal','funcionalidad','siempre','','General','2017-05-05','2017-05-11','MM-Materials Configuration CT01 insert Feature: No me permite cerrar la pestaña Insert Feature','resuelta','no es una incidencia',83,'Success',6),(62258,'0000063','POS','Isauro.mendoza','israel.cruz','normal','funcionalidad','siempre','','General','2017-05-05','2017-05-11','MM-Materials Configuration CNT8 -Center: se guarda con campos vacios','resuelta','no es una incidencia',83,'Success',6),(62259,'0000062','POS','Isauro.mendoza','israel.cruz','normal','funcionalidad','siempre','','General','2017-05-05','2017-05-11','MM-Materials Configuration CNT8 -Center: actualiza un registro existente','resuelta','no es una incidencia',83,'Success',6),(62260,'0000061','POS','Isauro.mendoza','israel.cruz','normal','funcionalidad','siempre','','General','2017-05-05','2017-05-16','MM-Materials Configuration CNT8 -Center: acepta caracteres raros','cerrada','corregida',83,'Success',6),(62261,'0000060','POS','Isauro.mendoza','israel.cruz','normal','funcionalidad','siempre','','General','2017-05-05','2017-05-11','MM-Materials MM01-Update SKU campo:*Alternative measure hasta *Weight unit','resuelta','no es una incidencia',83,'Success',6),(62262,'0000059','POS','Isauro.mendoza','israel.cruz','normal','funcionalidad','siempre','','General','2017-05-05','2017-05-11','','resuelta','no es una incidencia',83,'Success',6),(62263,'0000058','POS','Isauro.mendoza','israel.cruz','normal','funcionalidad','siempre','','General','2017-05-05','2017-05-26','MM-Materials     MM01-Update SKU  campo: \'Profit Center\'','cerrada','no es una incidencia',83,'Success',6),(62264,'0000057','POS','Isauro.mendoza','israel.cruz','normal','funcionalidad','siempre','','General','2017-05-05','2017-05-11','MM-Materials   MM01-Update SKU campos: Block  y   Old material number','resuelta','no es una incidencia',83,'Success',6),(62265,'0000056','POS','Isauro.mendoza','israel.cruz','normal','funcionalidad','siempre','','General','2017-05-05','2017-05-11','MM-Materials        MM01-Update SKU   campo Distribution channel no se puede editar','resuelta','no es una incidencia',83,'Success',6),(62266,'0000055','POS','Isauro.mendoza','israel.cruz','normal','funcionalidad','siempre','','General','2017-05-05','2017-05-11','MM- Materials        MM01-Insert SKU','resuelta','no es una incidencia',83,'Success',6),(62267,'0000054','ProyectoPruebaGIT','gricelda.islas','gricelda.islas','normal','funcionalidad','siempre','','Categoria1','2017-02-03','2017-02-03','No se muestra el resultado esperado','asignada','abierta',83,'No existe el proyecto: ProyectoPruebaGIT',1),(62268,'0000052','Promotores BAU','jesus.jaimes','roberto.noriega','alta','mayor','no se ha intentado','','General','2016-11-24','2016-11-24','Error al capturar referencia a través de búsqueda de CURP','asignada','abierta',83,'No existe el proyecto: Promotores BAU',1),(62269,'0000051','Promotores BAU','jesus.jaimes','roberto.noriega','baja','menor','no se ha intentado','','General','2016-11-24','2016-11-24','Error de 8 posiciones en ID de nómina_Datos laborales','asignada','abierta',83,'No existe el proyecto: Promotores BAU',1),(62270,'0000050','Promotores BAU','jesus.jaimes','roberto.noriega','baja','menor','no se ha intentado','','General','2016-11-24','2016-11-24','Error de 8 Posiciones en ID de reclutador_datos laborales','asignada','abierta',83,'No existe el proyecto: Promotores BAU',1),(62271,'0000049','Promotores BAU','jesus.jaimes','roberto.noriega','normal','menor','no se ha intentado','','General','2016-11-24','2016-11-24','Error al ingresar el CURP de Jefe inmediato en datos laborales','asignada','abierta',83,'No existe el proyecto: Promotores BAU',1),(62272,'0000048','Promotores BAU','jesus.jaimes','roberto.noriega','normal','menor','no se ha intentado','','General','2016-11-23','2016-11-23','Error en mensaje de 24 carácteres en Domicilio particular','asignada','abierta',83,'No existe el proyecto: Promotores BAU',1),(62273,'0000047','Promotores BAU','jesus.jaimes','roberto.noriega','alta','menor','no se ha intentado','','General','2016-11-23','2016-11-23','Error en campo no editable CURP','asignada','abierta',83,'No existe el proyecto: Promotores BAU',1),(62274,'0000046','Subastas','pedro.rincon','usuario14','normal','menor','no se ha intentado','','General','2016-11-11','2016-11-15','Al editar cliente desde subastas-cliente pide requeridos los campos de la pestaña subastas pero no los marca como requeridos','cerrada','corregida',83,'Success',6),(62275,'0000045','Subastas','pedro.rincon','usuario14','normal','menor','no se ha intentado','','General','2016-11-11','2016-11-11','Error en modulo materiales se descuadra tabla al poner descripción muy larga','cerrada','duplicada',83,'Success',6),(62276,'0000044','Subastas','pedro.rincon','usuario14','baja','menor','no se ha intentado','','General','2016-11-11','2016-11-23','Error al Editar materiales desde módulo materiales','cerrada','corregida',83,'Success',6),(62277,'0000043','Subastas','pedro.rincon','usuario14','alta','menor','no se ha intentado','','General','2016-11-10','2016-11-15','Error no edita datos de cliente','cerrada','corregida',83,'Success',6),(62278,'0000042','Subastas','pedro.rincon','usuario14','normal','menor','no se ha intentado','','General','2016-11-10','2016-11-10','En el módulo de subastas-Materiales al crear lote con descripción muy larga se descuadra la tabla','asignada','abierta',83,'Success',6),(62279,'0000041','Subastas','jesus.jaimes','ozram.garcia','normal','menor','no se ha intentado','','General','2016-11-10','2016-11-16','','cerrada','corregida',83,'Success',6),(62280,'0000040','Subastas','jesus.jaimes','ozram.garcia','normal','menor','no se ha intentado','','General','2016-11-10','2016-11-16','','cerrada','corregida',83,'Success',6),(62281,'0000039','Subastas','jesus.jaimes','ozram.garcia','normal','menor','no se ha intentado','','General','2016-11-10','2016-11-17','Error al crear cliente nuevo abre datos de cliente creado previamente.','cerrada','corregida',83,'Success',6),(62282,'0000038','Subastas','jesus.jaimes','usuario14','normal','menor','no se ha intentado','','General','2016-11-09','2016-11-17','Duplicidad de registros al crear cliente nuevo','cerrada','corregida',83,'Success',6),(62283,'0000037','Subastas','jesus.jaimes','ozram.garcia','baja','menor','no se ha intentado','','General','2016-11-09','2016-11-23','Marcar como requeridos los campos de Datos Factura al agregar un cliente','cerrada','corregida',83,'Success',6),(62284,'0000036','Subastas','jesus.jaimes','ozram.garcia','normal','menor','no se ha intentado','','General','2016-11-09','2017-05-11','No se puede quitar materiales asignados a una subasta desde el módulo de subastas - materiales','resuelta','no es una incidencia',83,'Success',6),(62285,'0000035','Subastas','pedro.rincon','ozram.garcia','normal','menor','no se ha intentado','','General','2016-11-09','2016-11-09','Falta acción Editar en Datos de fcatura al agregar un cliente','asignada','abierta',83,'Success',6),(62286,'0000034','Subastas','pedro.rincon','ozram.garcia','baja','menor','no se ha intentado','','General','2016-11-09','2016-11-10','Falta acento en LogIn cuando la contraseña es incorrecta y manda mensaje de error','cerrada','corregida',83,'Success',6),(62287,'0000033','Subastas','pedro.rincon','angelica.martinez','baja','menor','no se ha intentado','','General','2016-11-09','2016-11-10','Error en catálogos campo Acciones contextuales tiene botón de ordenar','cerrada','corregida',83,'Success',6),(62288,'0000032','Subastas','pedro.rincon','ozram.garcia','baja','menor','no se ha intentado','','General','2016-11-08','2016-11-10','Error falta acentuación en mensaje de item existente en catálogos','cerrada','corregida',83,'Success',6),(62289,'0000031','Subastas','pedro.rincon','ozram.garcia','baja','menor','no se ha intentado','','General','2016-11-08','2016-11-17','Error sintaxis en mensaje confirmación al devolver materiales a SAP','cerrada','corregida',83,'Success',6),(62290,'0000030','Subastas','pedro.rincon','ozram.garcia','baja','menor','no se ha intentado','','General','2016-11-08','2016-11-09','Error ortografía en mensaje al quitar materiales de subasta sin seleccionar materiales','cerrada','corregida',83,'Success',6),(62291,'0000029','Subastas','jesus.jaimes','ozram.garcia','baja','menor','no se ha intentado','','General','2016-11-08','2016-11-23','Faltan acentos en mensaje error al quitar materiales de subasta al seleccionar materiales con estatus disponible','cerrada','corregida',83,'Success',6),(62292,'0000028','Subastas','jesus.jaimes','ozram.garcia','baja','menor','no se ha intentado','','General','2016-11-08','2016-11-23','Falta acento en mensaje de error al asignar materiales a subasta sin seleccionar materiales','cerrada','corregida',83,'Success',6),(62293,'0000027','Subastas','jesus.jaimes','miguel.longinos','normal','menor','no se ha intentado','','General','2016-11-08','2016-11-09','Error al crear lote de dos lotes existentes con lote asignado.','asignada','abierta',83,'Success',6),(62294,'0000026','Subastas','pedro.rincon','usuario14','baja','menor','no se ha intentado','','General','2016-11-08','2016-11-09','Error al dar click en ícono ordenar de  cualquier campo en módulo de materiales','cerrada','corregida',83,'Success',6),(62295,'0000025','Subastas','pedro.rincon','usuario14','baja','menor','no se ha intentado','','General','2016-11-08','2016-11-09','Error al guardar usuario sin Rol','cerrada','corregida',83,'Success',6),(62296,'0000024','Subastas','pedro.rincon','usuario14','normal','menor','a veces','','General','2016-11-08','2016-11-09','Error al agregar usuario sin asignarle Rol ni Puesto','cerrada','corregida',83,'Success',6),(62297,'0000023','Portal Comunica2','jesus.jaimes','mario.olvera','normal','menor','no se ha intentado','','General','2016-10-20','2016-10-20','','asignada','abierta',83,'Success',6),(62298,'0000022','Portal Comunica2','jesus.jaimes','mario.olvera','normal','menor','no se ha intentado','','General','2016-10-20','2016-10-20','','asignada','abierta',83,'Success',6),(62299,'0000021','Portal Comunica2','jesus.jaimes','mario.olvera','normal','menor','no se ha intentado','','General','2016-10-20','2016-10-20','Vista Campo Región incompleta_Catálogo Región','asignada','abierta',83,'Success',6),(62300,'0000020','Portal Comunica2','jesus.jaimes','mario.olvera','normal','menor','no se ha intentado','','General','2016-10-20','2016-10-20','Sin campo de búsqueda de dominio en vista Smart Phone','asignada','abierta',83,'Success',6),(62301,'0000019','iAfore- Recertificación','jesus.jaimes','roberto.noriega','normal','menor','no se ha intentado','1.0','General','2016-10-07','2016-10-17','Modificación de nacionalidad en Datos generales','cerrada','corregida',83,'Success',6),(62302,'0000018','iAfore- Recertificación','jesus.jaimes','roberto.noriega','normal','menor','no se ha intentado','1.0','General','2016-10-05','2016-10-27','Validación de Genero en CURP en Captura de datos generales_cliente enrolado','cerrada','corregida',83,'Success',6),(62303,'0000017','iAfore- Recertificación','jesus.jaimes','roberto.noriega','normal','menor','no se ha intentado','1.0','General','2016-09-29','2016-10-17','Validación de Genero en CURP en Captura de datos generales','cerrada','corregida',83,'Success',6),(62304,'0000016','iAfore- Recertificación','jesus.jaimes','roberto.noriega','normal','menor','no se ha intentado','1.0','General','2016-09-22','2016-10-17','Notificación de estado de cuenta a correo electrónico','cerrada','corregida',83,'Success',6),(62305,'0000015','iAfore- Recertificación','jesus.jaimes','roberto.noriega','baja','menor','no se ha intentado','1.0','General','2016-09-21','2016-10-27','','cerrada','corregida',83,'Success',6),(62306,'0000014','iAfore- Recertificación','jesus.jaimes','roberto.noriega','normal','menor','no se ha intentado','1.0','General','2016-09-21','2016-10-17','Captura de referencia_Validación de Teléfono con lada','cerrada','corregida',83,'Success',6),(62307,'0000013','iAfore- Recertificación','jesus.jaimes','roberto.noriega','normal','menor','no se ha intentado','1.0','General','2016-09-21','2016-10-17','Datos básicos del trabajador_Validación de NSS','cerrada','corregida',83,'Success',6),(62308,'0000010','goContrat/ E-Files','jesus.jaimes','fernando.cortes','alta','menor','no se ha intentado','v.1.0','General','2016-08-26','2016-10-17','Error al recibir notificación a correo electrónico de envío de solicitud','cerrada','corregida',83,'Success',6),(62309,'0000009','goContrat/ E-Files','jesus.jaimes','fernando.cortes','alta','menor','no se ha intentado','v.1.0','General','2016-08-19','2016-10-17','Error al realizar búsqueda con filtro rango de fechas','cerrada','corregida',83,'Success',6),(62310,'0000008','goContrat/ E-Files','jesus.jaimes','fernando.cortes','alta','mayor','no se ha intentado','v.1.0','General','2016-08-16','2016-10-17','Modificar el plazo con uno mayor al actual','asignada','abierta',83,'Success',6),(62311,'0000007','goContrat/ E-Files','jesus.jaimes','fernando.cortes','alta','mayor','no se ha intentado','v.1.0','General','2016-08-16','2016-10-17','Modificación de unidades  a un número mayor a las actuales','cerrada','corregida',83,'Success',6),(62312,'0000006','goContrat/ E-Files','jesus.jaimes','fernando.cortes','alta','menor','no se ha intentado','v.1.0','General','2016-08-15','2016-10-17','Error al enviar solicitud','cerrada','corregida',83,'Success',6),(62313,'0000005','goContrat/ E-Files','jesus.jaimes','fernando.cortes','alta','mayor','no se ha intentado','v.1.0','General','2016-08-15','2016-10-17','Falta botón Aprobar Fondeo e Incompleto Fondeo','cerrada','corregida',83,'Success',6),(62314,'0000004','goContrat/ E-Files','jesus.jaimes','fernando.cortes','alta','mayor','no se ha intentado','v.1.0','General','2016-08-15','2016-10-17','Sin solicitud de información faltante en registro incompleto','cerrada','corregida',83,'Success',6),(62315,'0000002','goContrat/ E-Files','jesus.jaimes','fernando.cortes','alta','mayor','no se ha intentado','v.1.0','General','2016-08-15','2016-10-17','Sin mensaje de confirmación al rechazo de solicitud','cerrada','corregida',83,'Success',6);
/*!40000 ALTER TABLE `quality_issueinput` ENABLE KEYS */;
UNLOCK TABLES;

--
-- Table structure for table `quality_issuepriority`
--

DROP TABLE IF EXISTS `quality_issuepriority`;
/*!40101 SET @saved_cs_client     = @@character_set_client */;
/*!40101 SET character_set_client = utf8 */;
CREATE TABLE `quality_issuepriority` (
  `id` int(11) NOT NULL AUTO_INCREMENT,
  `description` varchar(100) NOT NULL,
  PRIMARY KEY (`id`),
  UNIQUE KEY `description` (`description`)
) ENGINE=InnoDB AUTO_INCREMENT=7 DEFAULT CHARSET=utf8;
/*!40101 SET character_set_client = @saved_cs_client */;

--
-- Dumping data for table `quality_issuepriority`
--

LOCK TABLES `quality_issuepriority` WRITE;
/*!40000 ALTER TABLE `quality_issuepriority` DISABLE KEYS */;
INSERT INTO `quality_issuepriority` VALUES (4,'alta'),(2,'baja'),(6,'inmediata'),(1,'ninguna'),(3,'normal'),(5,'urgente');
/*!40000 ALTER TABLE `quality_issuepriority` ENABLE KEYS */;
UNLOCK TABLES;

--
-- Table structure for table `quality_issueprocess`
--

DROP TABLE IF EXISTS `quality_issueprocess`;
/*!40101 SET @saved_cs_client     = @@character_set_client */;
/*!40101 SET character_set_client = utf8 */;
CREATE TABLE `quality_issueprocess` (
  `id` int(11) NOT NULL AUTO_INCREMENT,
  `file` varchar(100) NOT NULL,
  `source` varchar(100) NOT NULL,
  `dateLoaded` datetime(6) NOT NULL,
  `imported` tinyint(1) NOT NULL,
  `count` int(11) NOT NULL,
  `dateImported` datetime(6) DEFAULT NULL,
  `processed` tinyint(1) NOT NULL,
  `dateProcessed` datetime(6) DEFAULT NULL,
  `inserted_count` int(11) NOT NULL,
  `updated_count` int(11) NOT NULL,
  PRIMARY KEY (`id`)
) ENGINE=InnoDB AUTO_INCREMENT=87 DEFAULT CHARSET=utf8;
/*!40101 SET character_set_client = @saved_cs_client */;

--
-- Dumping data for table `quality_issueprocess`
--

LOCK TABLES `quality_issueprocess` WRITE;
/*!40000 ALTER TABLE `quality_issueprocess` DISABLE KEYS */;
INSERT INTO `quality_issueprocess` VALUES (75,'Isaias.cortes.csv','local','2017-09-03 06:57:28.212806',1,322,'2017-09-03 06:57:31.679561',1,'2017-09-03 06:58:01.000000',301,0),(76,'Isaias.cortes.csv','local','2017-09-03 06:59:24.594198',1,322,'2017-09-03 06:59:27.544672',1,'2017-09-03 06:59:55.000000',0,301),(77,'Isaias.cortes.csv','local','2017-09-03 07:06:28.989309',1,322,'2017-09-03 07:06:33.455633',1,'2017-09-03 07:06:59.000000',0,301),(78,'Isaias.cortes.csv','local','2017-09-03 07:10:07.191057',1,322,'2017-09-03 07:10:09.785927',1,'2017-09-03 07:10:33.000000',0,301),(79,'Isaias.cortes.csv','local','2017-09-03 07:45:55.477383',1,322,'2017-09-03 07:45:58.315205',1,'2017-09-03 07:46:23.000000',0,301),(80,'Isaias.cortes.csv','local','2017-09-03 07:51:44.827530',1,322,'2017-09-03 07:51:47.454918',1,'2017-09-03 07:52:13.000000',0,301),(81,'Isaias.cortes.csv','local','2017-09-03 08:34:37.750923',1,322,'2017-09-03 08:34:40.719589',1,'2017-09-03 08:35:07.000000',0,301),(82,'Isaias.cortes.csv','local','2017-09-03 08:44:37.384783',1,322,'2017-09-03 08:44:40.375440',1,'2017-09-03 08:45:08.000000',0,301),(83,'Isaias.cortes.csv','local','2017-09-03 08:58:24.040315',1,322,'2017-09-03 08:58:26.543596',1,'2017-09-03 08:58:53.000000',0,301),(84,'Isaias.cortes.csv','local','2017-09-03 09:04:01.266876',1,322,'2017-09-03 09:04:03.621588',1,'2017-09-03 09:04:31.000000',14,301),(85,'Isaias.cortes.csv','local','2017-09-03 17:08:46.750935',1,322,'2017-09-03 17:10:38.869474',1,'2017-09-03 17:14:52.000000',0,315),(86,'Isaias.cortes.csv','local','2017-09-03 17:25:05.815375',1,322,'2017-09-03 17:25:10.721997',1,'2017-09-03 17:25:36.000000',0,315);
/*!40000 ALTER TABLE `quality_issueprocess` ENABLE KEYS */;
UNLOCK TABLES;

--
-- Table structure for table `quality_issueresolution`
--

DROP TABLE IF EXISTS `quality_issueresolution`;
/*!40101 SET @saved_cs_client     = @@character_set_client */;
/*!40101 SET character_set_client = utf8 */;
CREATE TABLE `quality_issueresolution` (
  `id` int(11) NOT NULL AUTO_INCREMENT,
  `description` varchar(100) NOT NULL,
  PRIMARY KEY (`id`),
  UNIQUE KEY `description` (`description`)
) ENGINE=InnoDB AUTO_INCREMENT=10 DEFAULT CHARSET=utf8;
/*!40101 SET character_set_client = @saved_cs_client */;

--
-- Dumping data for table `quality_issueresolution`
--

LOCK TABLES `quality_issueresolution` WRITE;
/*!40000 ALTER TABLE `quality_issueresolution` DISABLE KEYS */;
INSERT INTO `quality_issueresolution` VALUES (1,'abierta'),(2,'corregida'),(6,'duplicada'),(5,'no es corregible'),(7,'no es una incidencia'),(4,'no reproducible'),(9,'no se arreglará'),(3,'reabierta'),(8,'suspendida');
/*!40000 ALTER TABLE `quality_issueresolution` ENABLE KEYS */;
UNLOCK TABLES;

--
-- Table structure for table `quality_issueseverity`
--

DROP TABLE IF EXISTS `quality_issueseverity`;
/*!40101 SET @saved_cs_client     = @@character_set_client */;
/*!40101 SET character_set_client = utf8 */;
CREATE TABLE `quality_issueseverity` (
  `id` int(11) NOT NULL AUTO_INCREMENT,
  `description` varchar(100) NOT NULL,
  PRIMARY KEY (`id`),
  UNIQUE KEY `description` (`description`)
) ENGINE=InnoDB AUTO_INCREMENT=9 DEFAULT CHARSET=utf8;
/*!40101 SET character_set_client = @saved_cs_client */;

--
-- Dumping data for table `quality_issueseverity`
--

LOCK TABLES `quality_issueseverity` WRITE;
/*!40000 ALTER TABLE `quality_issueseverity` DISABLE KEYS */;
INSERT INTO `quality_issueseverity` VALUES (4,'ajuste'),(8,'bloqueo'),(7,'fallo'),(1,'funcionalidad'),(6,'mayor'),(5,'menor'),(3,'texto'),(2,'trivial');
/*!40000 ALTER TABLE `quality_issueseverity` ENABLE KEYS */;
UNLOCK TABLES;

--
-- Table structure for table `quality_issuestatus`
--

DROP TABLE IF EXISTS `quality_issuestatus`;
/*!40101 SET @saved_cs_client     = @@character_set_client */;
/*!40101 SET character_set_client = utf8 */;
CREATE TABLE `quality_issuestatus` (
  `id` int(11) NOT NULL AUTO_INCREMENT,
  `description` varchar(100) NOT NULL,
  PRIMARY KEY (`id`),
  UNIQUE KEY `description` (`description`)
) ENGINE=InnoDB AUTO_INCREMENT=8 DEFAULT CHARSET=utf8;
/*!40101 SET character_set_client = @saved_cs_client */;

--
-- Dumping data for table `quality_issuestatus`
--

LOCK TABLES `quality_issuestatus` WRITE;
/*!40000 ALTER TABLE `quality_issuestatus` DISABLE KEYS */;
INSERT INTO `quality_issuestatus` VALUES (3,'aceptada'),(5,'asignada'),(7,'cerrada'),(4,'confirmada'),(1,'nueva'),(6,'resuelta'),(2,'se necesitan más datos');
/*!40000 ALTER TABLE `quality_issuestatus` ENABLE KEYS */;
UNLOCK TABLES;

--
-- Table structure for table `quality_member`
--

DROP TABLE IF EXISTS `quality_member`;
/*!40101 SET @saved_cs_client     = @@character_set_client */;
/*!40101 SET character_set_client = utf8 */;
CREATE TABLE `quality_member` (
  `id` int(11) NOT NULL AUTO_INCREMENT,
  `name` varchar(100) NOT NULL,
  PRIMARY KEY (`id`)
) ENGINE=InnoDB AUTO_INCREMENT=31 DEFAULT CHARSET=utf8;
/*!40101 SET character_set_client = @saved_cs_client */;

--
-- Dumping data for table `quality_member`
--

LOCK TABLES `quality_member` WRITE;
/*!40000 ALTER TABLE `quality_member` DISABLE KEYS */;
INSERT INTO `quality_member` VALUES (1,'angel.pimentel'),(2,'carlos.perez'),(3,'christian.gonzalez'),(4,'edgar.martinez'),(5,'eduardo.obregon'),(6,'Isaias.cortes'),(7,'jorge.dominguez'),(8,'juan.padilla'),(9,'luis.perez'),(10,'miguel.longinos'),(11,'victor.cruz'),(12,'victor.hernandez'),(13,'roberto.martinez'),(14,'Isauro.mendoza'),(15,'israel.cruz'),(16,'pedro.rincon'),(17,'jesus.jaimes'),(19,'Jesus.rivero'),(20,''),(21,'usuario14'),(22,'ozram.garcia'),(23,'angelica.martinez'),(24,'mario.olvera'),(25,'roberto.noriega'),(26,'fernando.cortes'),(27,'david.montoya'),(28,'ismael.flores'),(29,'rafael.miranda');
/*!40000 ALTER TABLE `quality_member` ENABLE KEYS */;
UNLOCK TABLES;

--
-- Table structure for table `quality_project`
--

DROP TABLE IF EXISTS `quality_project`;
/*!40101 SET @saved_cs_client     = @@character_set_client */;
/*!40101 SET character_set_client = utf8 */;
CREATE TABLE `quality_project` (
  `id` int(11) NOT NULL AUTO_INCREMENT,
  `name` varchar(100) NOT NULL,
  `start` date DEFAULT NULL,
  `end` date DEFAULT NULL,
  `customer_id` int(11) NOT NULL,
  `status_id` int(11) NOT NULL,
  `logo` varchar(100) NOT NULL,
  PRIMARY KEY (`id`),
  KEY `quality_project_customer_id_f663e4ea_fk_quality_customer_id` (`customer_id`),
  KEY `quality_project_status_id_2afbaabf_fk_quality_projectstatus_id` (`status_id`),
  CONSTRAINT `quality_project_customer_id_f663e4ea_fk_quality_customer_id` FOREIGN KEY (`customer_id`) REFERENCES `quality_customer` (`id`),
  CONSTRAINT `quality_project_status_id_2afbaabf_fk_quality_projectstatus_id` FOREIGN KEY (`status_id`) REFERENCES `quality_projectstatus` (`id`)
) ENGINE=InnoDB AUTO_INCREMENT=19 DEFAULT CHARSET=utf8;
/*!40101 SET character_set_client = @saved_cs_client */;

--
-- Dumping data for table `quality_project`
--

LOCK TABLES `quality_project` WRITE;
/*!40000 ALTER TABLE `quality_project` DISABLE KEYS */;
INSERT INTO `quality_project` VALUES (1,'BusBuilder - Chasis','2017-07-10','2017-09-15',1,2,'common.png'),(2,'Plan de Accion - Movil y Web','2017-07-14','2017-08-18',1,3,'common.png'),(4,'QERP',NULL,NULL,2,1,'qerp.png'),(5,'Evaluaciones','2017-08-23','2017-09-18',2,2,'ev.png'),(6,'iAcepta','2017-08-10',NULL,3,2,'common.png'),(7,'Tuux',NULL,NULL,3,1,'common.png'),(8,'SIGB','2017-08-23',NULL,4,2,'common.png'),(9,'ZUCARMEX','2017-08-07',NULL,5,2,'common.png'),(10,'Cotizador Multiplataforma',NULL,NULL,6,1,'common.png'),(11,'Actualización del Order Entry',NULL,NULL,6,1,'common.png'),(12,'POS','2017-05-05',NULL,7,2,'common.png'),(13,'Subastas','2016-11-08',NULL,9,2,'common.png'),(14,'Portal Comunica2','2016-10-20',NULL,1,2,'common.png'),(15,'iAfore- Recertificacion','2016-09-21',NULL,3,2,'common.png'),(16,'goContrat/ E-Files','2016-08-15',NULL,1,2,'daimler.png'),(17,'CD con gastos de ratificación','2017-08-22',NULL,1,2,'daimler.png'),(18,'Notificaciones','2017-08-16',NULL,1,2,'daimler.png');
/*!40000 ALTER TABLE `quality_project` ENABLE KEYS */;
UNLOCK TABLES;

--
-- Table structure for table `quality_projectstatus`
--

DROP TABLE IF EXISTS `quality_projectstatus`;
/*!40101 SET @saved_cs_client     = @@character_set_client */;
/*!40101 SET character_set_client = utf8 */;
CREATE TABLE `quality_projectstatus` (
  `id` int(11) NOT NULL AUTO_INCREMENT,
  `description` varchar(100) NOT NULL,
  PRIMARY KEY (`id`),
  UNIQUE KEY `description` (`description`)
) ENGINE=InnoDB AUTO_INCREMENT=4 DEFAULT CHARSET=utf8;
/*!40101 SET character_set_client = @saved_cs_client */;

--
-- Dumping data for table `quality_projectstatus`
--

LOCK TABLES `quality_projectstatus` WRITE;
/*!40000 ALTER TABLE `quality_projectstatus` DISABLE KEYS */;
INSERT INTO `quality_projectstatus` VALUES (2,'En proceso'),(1,'Por iniciar'),(3,'Terminado');
/*!40000 ALTER TABLE `quality_projectstatus` ENABLE KEYS */;
UNLOCK TABLES;

--
-- Table structure for table `viewer_entry`
--

DROP TABLE IF EXISTS `viewer_entry`;
/*!40101 SET @saved_cs_client     = @@character_set_client */;
/*!40101 SET character_set_client = utf8 */;
CREATE TABLE `viewer_entry` (
  `id` int(11) NOT NULL AUTO_INCREMENT,
  `date` datetime(6) NOT NULL,
  `value` int(11) NOT NULL,
  `metric_id` int(11) NOT NULL,
  `project_id` int(11) NOT NULL,
  PRIMARY KEY (`id`),
  KEY `viewer_entry_metric_id_a5fe70a3_fk_viewer_metric_id` (`metric_id`),
  KEY `viewer_entry_project_id_8d4febe2_fk_viewer_project_id` (`project_id`),
  CONSTRAINT `viewer_entry_metric_id_a5fe70a3_fk_viewer_metric_id` FOREIGN KEY (`metric_id`) REFERENCES `viewer_metric` (`id`),
  CONSTRAINT `viewer_entry_project_id_8d4febe2_fk_viewer_project_id` FOREIGN KEY (`project_id`) REFERENCES `viewer_project` (`id`)
) ENGINE=InnoDB AUTO_INCREMENT=151 DEFAULT CHARSET=utf8;
/*!40101 SET character_set_client = @saved_cs_client */;

--
-- Dumping data for table `viewer_entry`
--

LOCK TABLES `viewer_entry` WRITE;
/*!40000 ALTER TABLE `viewer_entry` DISABLE KEYS */;
INSERT INTO `viewer_entry` VALUES (1,'2017-08-04 12:12:00.000000',152,2,1),(2,'2017-08-04 12:12:00.000000',6854,5,1),(3,'2017-08-04 12:12:00.000000',16712,7,1),(4,'2017-08-04 12:12:00.000000',859,6,1),(5,'2017-08-04 12:12:00.000000',107851,1,1),(6,'2017-08-04 12:12:00.000000',754,4,1),(7,'2017-08-04 12:24:00.000000',112,2,2),(8,'2017-08-04 12:24:00.000000',1994,5,2),(9,'2017-08-04 12:24:00.000000',6043,7,2),(10,'2017-08-04 12:24:00.000000',161,6,2),(11,'2017-08-04 12:24:00.000000',29735,1,2),(12,'2017-08-04 12:24:00.000000',143,4,2),(13,'2017-08-04 12:43:00.000000',197,2,3),(14,'2017-08-04 12:43:00.000000',1076,5,3),(15,'2017-08-04 12:43:00.000000',6407,7,3),(16,'2017-08-04 12:43:00.000000',133,6,3),(17,'2017-08-04 12:43:00.000000',29530,1,3),(18,'2017-08-04 12:43:00.000000',41,4,3),(19,'2017-08-04 12:27:00.000000',181,2,4),(20,'2017-08-04 12:27:00.000000',3955,5,4),(21,'2017-08-04 12:27:00.000000',13851,7,4),(22,'2017-08-04 12:27:00.000000',549,6,4),(23,'2017-08-04 12:27:00.000000',72287,1,4),(24,'2017-08-04 12:27:00.000000',329,4,4),(25,'2017-08-04 12:45:00.000000',856,2,5),(26,'2017-08-04 12:45:00.000000',16224,5,5),(27,'2017-08-04 12:45:00.000000',51836,7,5),(28,'2017-08-04 12:45:00.000000',4439,6,5),(29,'2017-08-04 12:45:00.000000',291813,1,5),(30,'2017-08-04 12:45:00.000000',1037,4,5),(31,'2017-08-04 13:00:00.000000',181,2,6),(32,'2017-08-04 13:00:00.000000',4852,5,6),(33,'2017-08-04 13:00:00.000000',16126,7,6),(34,'2017-08-04 13:00:00.000000',787,6,6),(35,'2017-08-04 13:00:00.000000',83689,1,6),(36,'2017-08-04 13:00:00.000000',510,4,6),(37,'2017-08-04 12:51:00.000000',107,2,7),(38,'2017-08-04 12:51:00.000000',2017,5,7),(39,'2017-08-04 12:51:00.000000',8421,7,7),(40,'2017-08-04 12:51:00.000000',248,6,7),(41,'2017-08-04 12:51:00.000000',35991,1,7),(42,'2017-08-04 12:51:00.000000',56,4,7),(43,'2017-08-04 12:43:00.000000',97,2,8),(44,'2017-08-04 12:43:00.000000',2525,5,8),(45,'2017-08-04 12:43:00.000000',6875,7,8),(46,'2017-08-04 12:43:00.000000',239,6,8),(47,'2017-08-04 12:43:00.000000',30055,1,8),(48,'2017-08-04 12:43:00.000000',65,4,8),(49,'2017-08-04 17:22:00.000000',342,2,9),(50,'2017-08-04 17:22:00.000000',7378,5,9),(51,'2017-08-04 17:22:00.000000',18328,7,9),(52,'2017-08-04 17:22:00.000000',1437,6,9),(53,'2017-08-04 17:22:00.000000',99931,1,9),(54,'2017-08-04 17:22:00.000000',296,4,9),(55,'2017-08-04 13:33:00.000000',379,2,10),(56,'2017-08-04 13:33:00.000000',1983,5,10),(57,'2017-08-04 13:33:00.000000',8430,7,10),(58,'2017-08-04 13:33:00.000000',204,6,10),(59,'2017-08-04 13:33:00.000000',28622,1,10),(60,'2017-08-04 13:33:00.000000',2,4,10),(61,'2017-08-08 14:25:00.000000',71,2,11),(62,'2017-08-08 14:25:00.000000',3292,5,11),(63,'2017-08-08 14:25:00.000000',1065,7,11),(64,'2017-08-08 14:25:00.000000',21,6,11),(65,'2017-08-08 14:25:00.000000',7839,1,11),(66,'2017-08-08 14:25:00.000000',3,4,11),(67,'2017-08-11 09:25:00.000000',693,2,12),(68,'2017-08-11 09:25:00.000000',9426,5,12),(69,'2017-08-11 09:25:00.000000',20440,7,12),(70,'2017-08-11 09:25:00.000000',4752,6,12),(71,'2017-08-11 09:25:00.000000',104636,1,12),(72,'2017-08-11 09:25:00.000000',141,4,12),(73,'2017-08-11 10:07:00.000000',132,2,13),(74,'2017-08-11 10:07:00.000000',2421,5,13),(75,'2017-08-11 10:07:00.000000',6925,7,13),(76,'2017-08-11 10:07:00.000000',226,6,13),(77,'2017-08-11 10:07:00.000000',47507,1,13),(78,'2017-08-11 10:07:00.000000',37,4,13),(79,'2017-08-11 09:38:00.000000',110,2,14),(80,'2017-08-11 09:38:00.000000',5236,5,14),(81,'2017-08-11 09:38:00.000000',10795,7,14),(82,'2017-08-11 09:38:00.000000',723,6,14),(83,'2017-08-11 09:38:00.000000',71678,1,14),(84,'2017-08-11 09:38:00.000000',157,4,14),(85,'2017-08-11 09:52:00.000000',335,2,15),(86,'2017-08-11 09:52:00.000000',6500,5,15),(87,'2017-08-11 09:52:00.000000',16712,7,15),(88,'2017-08-11 09:52:00.000000',1419,6,15),(89,'2017-08-11 09:52:00.000000',114455,1,15),(90,'2017-08-11 09:52:00.000000',184,4,15),(91,'2017-08-11 10:01:00.000000',402,2,16),(92,'2017-08-11 10:01:00.000000',1389,5,16),(93,'2017-08-11 10:01:00.000000',7207,7,16),(94,'2017-08-11 10:01:00.000000',117,6,16),(95,'2017-08-11 10:01:00.000000',22614,1,16),(96,'2017-08-11 10:01:00.000000',114,4,16),(97,'2017-08-16 14:43:00.000000',851,2,5),(98,'2017-08-16 14:43:00.000000',15745,5,5),(99,'2017-08-16 14:43:00.000000',51784,7,5),(100,'2017-08-16 14:43:00.000000',4640,6,5),(101,'2017-08-16 14:43:00.000000',292020,1,5),(102,'2017-08-16 14:43:00.000000',542,4,5),(103,'2017-08-18 11:53:00.000000',113,2,2),(104,'2017-08-18 11:53:00.000000',1796,5,2),(105,'2017-08-18 11:53:00.000000',6302,7,2),(106,'2017-08-18 11:53:00.000000',102,6,2),(107,'2017-08-18 11:53:00.000000',31931,1,2),(108,'2017-08-18 11:53:00.000000',0,4,2),(109,'2017-08-17 17:02:00.000000',155,2,1),(110,'2017-08-17 17:02:00.000000',6526,5,1),(111,'2017-08-17 17:02:00.000000',16714,7,1),(112,'2017-08-17 17:02:00.000000',804,6,1),(113,'2017-08-17 17:02:00.000000',96985,1,1),(114,'2017-08-17 17:02:00.000000',532,4,1),(115,'2017-08-18 11:13:00.000000',375,2,10),(116,'2017-08-18 11:13:00.000000',1980,5,10),(117,'2017-08-18 11:13:00.000000',8466,7,10),(118,'2017-08-18 11:13:00.000000',202,6,10),(119,'2017-08-18 11:13:00.000000',28746,1,10),(120,'2017-08-18 11:13:00.000000',0,4,10),(121,'2017-08-18 10:48:00.000000',901,2,9),(122,'2017-08-18 10:48:00.000000',7889,5,9),(123,'2017-08-18 10:48:00.000000',25223,7,9),(124,'2017-08-18 10:48:00.000000',1438,6,9),(125,'2017-08-18 10:48:00.000000',99904,1,9),(126,'2017-08-18 10:48:00.000000',239,4,9),(127,'2017-08-18 13:35:00.000000',181,2,6),(128,'2017-08-18 13:35:00.000000',4775,5,6),(129,'2017-08-18 13:35:00.000000',16086,7,6),(130,'2017-08-18 13:35:00.000000',708,6,6),(131,'2017-08-18 13:35:00.000000',83262,1,6),(132,'2017-08-18 13:35:00.000000',353,4,6),(133,'2017-08-18 14:50:00.000000',687,2,12),(134,'2017-08-18 14:50:00.000000',9361,5,12),(135,'2017-08-18 14:50:00.000000',20445,7,12),(136,'2017-08-18 14:50:00.000000',4760,6,12),(137,'2017-08-18 14:50:00.000000',104629,1,12),(138,'2017-08-18 14:50:00.000000',95,4,12),(139,'2017-08-18 15:35:00.000000',844,2,5),(140,'2017-08-18 15:35:00.000000',15091,5,5),(141,'2017-08-18 15:35:00.000000',51545,7,5),(142,'2017-08-18 15:35:00.000000',4508,6,5),(143,'2017-08-18 15:35:00.000000',264286,1,5),(144,'2017-08-18 15:35:00.000000',474,4,5),(145,'2017-08-08 13:01:00.000000',1,1,5),(146,'2017-08-08 13:01:00.000000',1,2,5),(147,'2017-08-08 13:01:00.000000',1,4,5),(148,'2017-08-08 13:01:00.000000',1,5,5),(149,'2017-08-08 13:01:00.000000',1,6,5),(150,'2017-08-08 13:01:00.000000',1,7,5);
/*!40000 ALTER TABLE `viewer_entry` ENABLE KEYS */;
UNLOCK TABLES;

--
-- Table structure for table `viewer_metric`
--

DROP TABLE IF EXISTS `viewer_metric`;
/*!40101 SET @saved_cs_client     = @@character_set_client */;
/*!40101 SET character_set_client = utf8 */;
CREATE TABLE `viewer_metric` (
  `id` int(11) NOT NULL AUTO_INCREMENT,
  `description` varchar(100) NOT NULL,
  PRIMARY KEY (`id`),
  UNIQUE KEY `description` (`description`)
) ENGINE=InnoDB AUTO_INCREMENT=8 DEFAULT CHARSET=utf8;
/*!40101 SET character_set_client = @saved_cs_client */;

--
-- Dumping data for table `viewer_metric`
--

LOCK TABLES `viewer_metric` WRITE;
/*!40000 ALTER TABLE `viewer_metric` DISABLE KEYS */;
INSERT INTO `viewer_metric` VALUES (2,'Bugs'),(5,'Code Smells'),(7,'Complexity'),(6,'Duplicated Block'),(1,'Size'),(4,'Vulnerabilities');
/*!40000 ALTER TABLE `viewer_metric` ENABLE KEYS */;
UNLOCK TABLES;

--
-- Table structure for table `viewer_project`
--

DROP TABLE IF EXISTS `viewer_project`;
/*!40101 SET @saved_cs_client     = @@character_set_client */;
/*!40101 SET character_set_client = utf8 */;
CREATE TABLE `viewer_project` (
  `id` int(11) NOT NULL AUTO_INCREMENT,
  `name` varchar(100) NOT NULL,
  `active` tinyint(1) NOT NULL,
  `priority` int(11) NOT NULL,
  PRIMARY KEY (`id`),
  UNIQUE KEY `name` (`name`)
) ENGINE=InnoDB AUTO_INCREMENT=17 DEFAULT CHARSET=utf8;
/*!40101 SET character_set_client = @saved_cs_client */;

--
-- Dumping data for table `viewer_project`
--

LOCK TABLES `viewer_project` WRITE;
/*!40000 ALTER TABLE `viewer_project` DISABLE KEYS */;
INSERT INTO `viewer_project` VALUES (1,'Remarketing',1,9),(2,'Subastador',1,13),(3,'mbims',1,7),(4,'DFSIP',1,10),(5,'sitioDistribuidores',1,16),(6,'Timer',1,11),(7,'GoLegal',1,4),(8,'SAUPP',1,5),(9,'sitioClientes',1,15),(10,'EfilesAutos',1,2),(11,'IC',1,1),(12,'Cotizador',1,14),(13,'Itv',1,3),(14,'OnOffBoarding',1,8),(15,'ProductManager',1,6),(16,'SitioProveedores',1,12);
/*!40000 ALTER TABLE `viewer_project` ENABLE KEYS */;
UNLOCK TABLES;

--
-- Dumping routines for database 'sqst'
--
/*!50003 DROP PROCEDURE IF EXISTS `process_issues` */;
/*!50003 SET @saved_cs_client      = @@character_set_client */ ;
/*!50003 SET @saved_cs_results     = @@character_set_results */ ;
/*!50003 SET @saved_col_connection = @@collation_connection */ ;
/*!50003 SET character_set_client  = utf8 */ ;
/*!50003 SET character_set_results = utf8 */ ;
/*!50003 SET collation_connection  = utf8_general_ci */ ;
/*!50003 SET @saved_sql_mode       = @@sql_mode */ ;
/*!50003 SET sql_mode              = 'STRICT_TRANS_TABLES,NO_AUTO_CREATE_USER,NO_ENGINE_SUBSTITUTION' */ ;
DELIMITER ;;
CREATE DEFINER=`sqst`@`%` PROCEDURE `process_issues`(IN p_process_id int)
BEGIN    
    declare v_id int;
    declare v_ref varchar(20);
    declare v_project varchar(100);
    declare v_informer varchar(100);
    declare v_assignee varchar(100);
	declare `v_priority` varchar(50);
	declare `v_severity` varchar(50);
	declare `v_reproducibility` varchar(50);
	declare `v_product` varchar(50);
	declare `v_category` varchar(50);
	declare `v_delivery_date` date;
	declare `v_updated_date` date;
	declare `v_resume` varchar(200);
	declare `v_status` varchar(50);
	declare `v_resolution` varchar(50);
	declare `v_process_id` int(11);
    declare `v_source` varchar(100);    
    declare `v_result` int(11);    
    declare `v_comments` varchar(200);    
    declare total int;
    declare v_project_id int;    
    declare v_assignee_id int;
    declare v_priority_id int;
    declare v_reporter_id int;
    declare v_status_id int;
    declare v_severity_id int;
    declare v_resolution_id int;
    declare v_resolved date;
    declare v_closed date;
    declare v_message varchar(200);
    declare v_error tinyint default 0;    
    
    -- se excluyen los rows que estan asociados a proyectos que no existen
    update quality_issueinput t1 set result = 1, comments = concat('No existe el proyecto: ', project) where t1.process_id = p_process_id and not exists (select name from quality_project where name = t1.project);
    
    -- se insertan los informers que no existen en la base de datos
    insert into quality_member(name) select distinct t1.informer from quality_issueinput t1 where t1.process_id = p_process_id and result = 0 and not exists (select name from quality_member where name = t1.informer);
    
    -- se insertan los assignees que no existen en la base de datos
    insert into quality_member(name) select distinct t1.assignee from quality_issueinput t1 where t1.process_id = p_process_id and result = 0 and not exists (select name from quality_member where name = t1.assignee);
    
    -- se descartan los registros que no tienen una prioridad valida
    update quality_issueinput t1 set t1.comments = 'la prioridad no existe', result = 2 where id > 0 and t1.process_id = p_process_id and result = 0 and not exists (select description from quality_issuepriority where description = t1.priority);
    
    -- se descartan los registros que no tienen una resolucion valida
    update quality_issueinput t1 set t1.comments = 'la resolucion no existe', result = 2 where id > 0 and t1.process_id = p_process_id and result = 0 and not exists (select description from quality_issueresolution where description = t1.resolution);
    
    -- se descartan los registros que no tienen una severidad valida
    update quality_issueinput t1 set t1.comments = 'la severidad no existe', result = 2 where id > 0 and t1.process_id = p_process_id and result = 0 and not exists (select description from quality_issueseverity where description = t1.severity);
    
    -- se descartan los registros que no tienen un estatus valido
    update quality_issueinput t1 set t1.comments = 'el estatus no existe', result = 2 where id > 0 and t1.process_id = p_process_id and result = 0 and not exists (select description from quality_issuestatus where description = t1.status);
    
    begin
		DECLARE done TINYINT DEFAULT 0;
        
    
		declare cur_updates cursor for select t1.*, t2.`source` from quality_issueinput t1 left join quality_issueprocess t2 on t1.process_id = t2.id where t1.process_id = p_process_id and result = 0 and exists (select id from quality_issue where ref = t1.ref and source = t2.source);
		
        DECLARE CONTINUE HANDLER FOR NOT FOUND SET done = 1;
        -- cursor de insert
		open cur_updates;
		cLoop: loop
			fetch cur_updates into v_id, v_ref, v_project, v_informer, v_assignee, v_priority, v_severity, v_reproducibility, v_product, v_category, v_delivery_date, v_updated_date, v_resume, v_status, v_resolution, v_process_id, v_comments, v_result, `v_source`;
			IF done THEN leave cLoop; END IF;
				
				-- se define la persona a la que esta asignado el issue
				select id into v_assignee_id from quality_member where name = v_assignee;
				
				-- se define el valor de la prioridad del catalogo
				select id into v_priority_id from quality_issuepriority where lower(description) = lower(v_priority);
				
				-- se define el identificador del proyecto asociado
				select id into v_project_id from quality_project where name = v_project;
				
				-- se define la persona que reporto la incidencia
				select id into v_reporter_id from quality_member where name = v_informer;
				
				-- se define el status de la incidencia
				select id into v_status_id from quality_issuestatus where lower(description) = lower(v_status);
				
				-- se define el valor de la severidad del catalogo de severidades
				select id into v_severity_id from quality_issueseverity where lower(description) = lower(v_severity);
				
				-- se define el valor de la resolucion del catalogo de resoluciones
				select id into v_resolution_id from quality_issueresolution where lower(description) = lower(v_resolution);
				
				-- se asigna la fecha de resolucion si la incidencia se encuentra resuelta	
				if v_resolution = 'resuelta' then
					select str_to_date(v_updated_date, '%Y-%m-%d') into v_resolved;
				end if;
				-- se asigna la fecha de cierre si la incidencia se encuentra corregida
				if v_resolution in ('corregida', 'duplicada', 'no es corregible', 'no es una incidencia') then
					select str_to_date(v_updated_date, '%Y-%m-%d') into v_closed;
					if v_resolved is null then
						select str_to_date(v_updated_date, '%Y-%m-%d') into v_resolved;
					end if;
				end if;
				
				begin
					declare continue handler for sqlexception set v_error = 1;
					
					update quality_issue set resolved = v_resolved, closed = v_closed, assignee_id = v_assignee_id, priority_id = v_priority_id,
					reporter_id = v_reporter_id, status_id = v_status_id, severity_id = v_severity_id, resolution_id = v_resolution_id
					where id > 0 and ref = v_ref and source = v_source;
					
					if v_error then
						select 0 into v_error;
						update quality_issueinput set comments = 'Error al procesar', result = 5 where id = v_id;
					else
						update quality_issueinput set comments = 'Success', result = 6 where id = v_id;
					end if;
                    
                    set v_resolved = null;
                    set v_closed = null;
				end;

		end loop;
		CLOSE cur_updates;
		
    end;
	
	begin
		DECLARE done TINYINT DEFAULT 0;
        
    
		declare cur_news cursor for select t1.*, t2.`source` from quality_issueinput t1 left join quality_issueprocess t2 on t1.process_id = t2.id where t1.process_id = p_process_id and result = 0 and not exists (select id from quality_issue where ref = t1.ref and source = t2.source);
		
        DECLARE CONTINUE HANDLER FOR NOT FOUND SET done = 1;
        -- cursor de insert
		open cur_news;
		cLoop: loop
			fetch cur_news into v_id, v_ref, v_project, v_informer, v_assignee, v_priority, v_severity, v_reproducibility, v_product, v_category, v_delivery_date, v_updated_date, v_resume, v_status, v_resolution, v_process_id, v_comments, v_result, `v_source`;
			IF done THEN leave cLoop; END IF;
							
				-- se define la persona a la que esta asignado el issue
				select id into v_assignee_id from quality_member where name = v_assignee;
				
				-- se define el valor de la prioridad del catalogo
				select id into v_priority_id from quality_issuepriority where lower(description) = lower(v_priority);
				
				-- se define el identificador del proyecto asociado
				select id into v_project_id from quality_project where name = v_project;
				
				-- se define la persona que reporto la incidencia
				select id into v_reporter_id from quality_member where name = v_informer;
				
				-- se define el status de la incidencia
				select id into v_status_id from quality_issuestatus where lower(description) = lower(v_status);
				
				-- se define el valor de la severidad del catalogo de severidades
				select id into v_severity_id from quality_issueseverity where lower(description) = lower(v_severity);
				
				-- se define el valor de la resolucion del catalogo de resoluciones
				select id into v_resolution_id from quality_issueresolution where lower(description) = lower(v_resolution);
				
				-- se asigna la fecha de resolucion si la incidencia se encuentra resuelta	
				if v_resolution = 'resuelta' then
					select str_to_date(v_updated_date, '%Y-%m-%d') into v_resolved;
				end if;
				-- se asigna la fecha de cierre si la incidencia se encuentra corregida
				if v_resolution in ('corregida', 'duplicada', 'no es corregible', 'no es una incidencia') then
					select str_to_date(v_updated_date, '%Y-%m-%d') into v_closed;
					if v_resolved is null then
						select str_to_date(v_updated_date, '%Y-%m-%d') into v_resolved;
					end if;
				end if;
				
				begin
					declare continue handler for sqlexception set v_error = 1;
					
					insert into quality_issue(description,created,resolved,closed,assignee_id,priority_id,project_id,reporter_id,status_id,severity_id,resolution_id,ref,source)
					values(v_resume, v_delivery_date, v_resolved, v_closed, v_assignee_id, v_priority_id, v_project_id, v_reporter_id, v_status_id, v_severity_id, v_resolution_id, v_ref, v_source);
				
					if v_error then
						select 0 into v_error;
						update quality_issueinput set comments = 'Error al procesar', result = 3 where id = v_id;
					else
						update quality_issueinput set comments = 'Success', result = 4 where id = v_id;
					end if;
                    
                    set v_resolved = null;
                    set v_closed = null;
				end;

		end loop;
		CLOSE cur_news;
		
    end;
	
	update quality_issueprocess set processed = 1, dateProcessed = now() where id = p_process_id;
END ;;
DELIMITER ;
/*!50003 SET sql_mode              = @saved_sql_mode */ ;
/*!50003 SET character_set_client  = @saved_cs_client */ ;
/*!50003 SET character_set_results = @saved_cs_results */ ;
/*!50003 SET collation_connection  = @saved_col_connection */ ;
/*!40103 SET TIME_ZONE=@OLD_TIME_ZONE */;

/*!40101 SET SQL_MODE=@OLD_SQL_MODE */;
/*!40014 SET FOREIGN_KEY_CHECKS=@OLD_FOREIGN_KEY_CHECKS */;
/*!40014 SET UNIQUE_CHECKS=@OLD_UNIQUE_CHECKS */;
/*!40101 SET CHARACTER_SET_CLIENT=@OLD_CHARACTER_SET_CLIENT */;
/*!40101 SET CHARACTER_SET_RESULTS=@OLD_CHARACTER_SET_RESULTS */;
/*!40101 SET COLLATION_CONNECTION=@OLD_COLLATION_CONNECTION */;
/*!40111 SET SQL_NOTES=@OLD_SQL_NOTES */;

-- Dump completed on 2017-09-03 18:02:23
